Accuracy,,0.9007

Classification Report:
,precision,recall,f1-score,support
close,0.8315789473684211,0.9080459770114943,0.8681318681318682,174.0
content,0.9207317073170732,0.8728323699421965,0.8961424332344213,173.0
general,0.8902439024390244,0.863905325443787,0.8768768768768769,169.0
generate image,0.9833333333333333,0.9943820224719101,0.9888268156424581,178.0
google search,0.8282208588957055,0.7670454545454546,0.7964601769911505,176.0
play,0.9395604395604396,0.9715909090909091,0.9553072625698324,176.0
reminder,0.9885057471264368,0.9885057471264368,0.9885057471264368,174.0
system,0.8734939759036144,0.838150289017341,0.855457227138643,173.0
youtube search,0.848314606741573,0.8988095238095238,0.8728323699421965,168.0
accuracy,0.9007046764894299,0.9007046764894299,0.9007046764894299,0.9007046764894299
macro avg,0.9004426131872914,0.9003630687176726,0.8998378641837649,1561.0
weighted avg,0.9008499009261234,0.9007046764894299,0.9002126580327078,1561.0


Confusion Matrix:
,close,content,general,generate image,google search,play,reminder,system,youtube search
close,158,0,2,0,1,2,0,11,0
content,2,151,8,1,2,3,0,2,4
general,0,7,146,1,12,1,0,1,1
generate image,0,0,1,177,0,0,0,0,0
google search,5,3,4,0,135,0,2,6,21
play,3,0,0,0,0,171,0,1,1
reminder,0,1,1,0,0,0,172,0,0
system,22,1,1,1,2,1,0,145,0
youtube search,0,1,1,0,11,4,0,0,151
