utterance|intent
please close YouTube|close
I need out|close
close it down|close
shut the gates|close
power down sequence|close
exit the dashboard|close
exit the app now|close
please shut this tab|close
can you close the window for me?|close
get rid of this screen|close
quit the program right away|close
close this, I'm done|close
shut it down, please|close
close that pop-up|close
I wanna leave this window|close
just exit this app|close
please go back and close it|close
close this tab quietly|close
kill this process|close
okay, I'm done—close it|close
could you please close it?|close
end this session|close
shut off the app|close
wrap this window up|close
close this right now|close
stop this and exit|close
I want out, close it|close
time to quit this|close
exit from here|close
go back and close the screen|close
wrap it up|close
Shut this thing off for me|close
Kill that tab, it's annoying|close
Can you close the music player?|close
Exit out of this app, I'm done|close
Yo, back outta that screen|close
Just get rid of this popup|close
Nuke the browser tab now|close
Close that folder window, it's cluttering the view|close
Quit the chat app, I'm logging off|close
Wrap this window up|close
Slide that one away for me|close
End that task, it's frozen|close
Can you get this off my screen?|close
I'm done here, close it up|close
Kill the player, I've had enough noise|close
Cut off that overlay panel|close
Close the extras, I only need the main app|close
Drop the video window now|close
Exit this and go back|close
Take this tab down|close
Get rid of that alert box|close
Yo Nisha, shut the player down|close
Collapse that window real quick|close
Put that thing to sleep|close
Close out of the notes app|close
Scrap this window, I don't need it|close
Kill that background process UI|close
Boot that task outta here|close
X out that screen|close
Tap out of this one|close
Just close that junk in the corner|close
Nuke the music overlay|close
Let's close this out, yeah?|close
Wipe off the floating menu|close
Can you tap the X on that thing?|close
End that window session|close
Dismiss that full-screen mode|close
Yo, exit this nonsense|close
Trash this view, open's enough|close
Minimize it? Nah, close it down|close
Shut the current window down|close
Clip the tab, I've seen enough|close
Close this app, it's laggy|close
Cancel this overlay screen|close
I'm over this window, just close it|close
Trash this app, I'm switching|close
Swipe away that preview|close
Exit fullscreen and shut it down|close
Get me outta this popout|close
Just end this app view already|close
Boot the widget off the screen|close
Wrap up this chat box|close
X this one, I'm out|close
cut the signal|close
call it a day|close
clocking out now|close
close the Photos app|close
please close this window|close
exit the page for me|close
can you end this tab?|close
shut this thing down|close
I'd like to close it|close
terminate this app|close
go back and close it|close
wrap up this session|close
quit the application|close
just close the current screen|close
exit this panel now|close
get me out of here|close
kill this task|close
press exit for me|close
close the current interface|close
can we shut this off?|close
time to close the tab|close
done with this — close it|close
please end the app|close
back out and close this|close
I'm done, close this thing|close
end the session here|close
let's exit this|close
I'd like to shut it down|close
abort this window|close
just go back and exit|close
I'm finished, close it up|close
wind this down|close
nuke this screen|close
close this like right now|close
backtrack and close this window|close
make this screen go away|close
kill the UI|close
wrap this window up please|close
exit that open tab|close
leave this page and close it|close
shut the program now|close
pull the plug on this tab|close
get out of here|close
just close it, no questions|close
shut the door on this screen|close
put an end to this window|close
hop out of this app|close
cut this out, please|close
close this and nothing else|close
say goodbye to this app|close
exit stage left|close
close the UI now|close
I want this screen gone|close
escape this app|close
close and forget it|close
shut this screen off|close
dismiss the tab|close
please exit this now|close
I don't wanna see this, close it|close
drop out of the window|close
time to leave this tab|close
press close on the current screen|close
can you back out of this?|close
wrap this whole thing up|close
turn this screen off|close
shut down just this app|close
get this thing off my screen|close
I'm done here — close it|close
close the thing I just opened|close
close whatever I'm looking at|close
exit this exact screen|close
be gone with this tab|close
evict this page|close
move out of this window|close
I've seen enough — close it|close
drop this app like it's hot|close
close the view|close
peace out from this app|close
goodbye screen|close
close time!|close
bounce out of this|close
shut the whole damn thing|close
cut this page short|close
back out and kill it|close
yeet this app outta here|close
exit mode please|close
we done — close this mess|close
that's it, I'm out — close it|close
shut it gracefully|close
gently close the app|close
slam the door on this screen|close
bring this window to a close|close
fold this session|close
step away and close|close
pack this UI up|close
I'm good — end this here|close
kick me back and close it|close
escape hatch please|close
I wanna exit now|close
flush this screen|close
exit this cleanly|close
log out and close|close
halt the screen|close
no more, close now|close
command: close|close
exit route activated|close
fade this out|close
donezo — shut it|close
eject me from this window|close
turn this off right now|close
wrap this thing up please|close
please get out of this window|close
I need you to close it down|close
exit from this interface|close
back out and leave this|close
remove this screen for me|close
I want this gone|close
send this page away|close
I need to close this out|close
shut the screen immediately|close
please dismiss this|close
escape from this now|close
exit the current app|close
get outta this right now|close
switch this off and exit|close
no more of this — close it|close
good time to quit this|close
close off this task|close
wrap up this activity|close
close this with style|close
just tap out of here|close
evacuate this screen|close
let's bounce — shut this|close
send it packing|close
I'm over it — close this|close
kick me out of this screen|close
hit the exit button|close
back me out of this|close
click close and move on|close
please terminate the session|close
shut this feature down|close
just shut the door on this|close
end this thing, now|close
I need a clean exit here|close
get me to home and close this|close
send this UI to sleep|close
roll out of this app|close
exit the environment|close
halt the current session|close
I want to disappear this screen|close
please shut this softly|close
disconnect me from this app|close
call it a day — close it|close
that's a wrap, close this|close
close the curtain on this|close
quietly end the process|close
I need to quit this screen|close
pull me back and close|close
eject this app gently|close
seal this screen for good|close
shut the app|close
exit the program|close
terminate the application|close
close this tab|close
end the session|close
log me out|close
quit the software|close
stop the process|close
close the browser|close
turn off the application|close
close the document|close
shut down the system|close
close the file|close
exit the browser|close
close the page|close
terminate the session|close
close the chat|close
log out|close
close the game|close
end the call|close
close the video|close
stop the music|close
close the window now|close
exit the app|close
close the application|close
shut the program|close
terminate the app|close
close the tab|close
end the program|close
log off|close
close the screen|close
stop the application|close
close the interface|close
exit the session|close
close the software|close
shut the window|close
close the system|close
terminate the process|close
close the platform|close
exit the platform|close
close the dashboard|close
shut the dashboard|close
close the control panel|close
exit the control panel|close
close the settings|close
shut the settings|close
close the preferences|close
exit the preferences|close
close the configuration|close
shut the configuration|close
close the setup|close
exit the setup|close
close the installer|close
shut the installer|close
close the updater|close
exit the updater|close
close the download manager|close
shut the download manager|close
exit the task manager|close
close the resource monitor|close
shut the resource monitor|close
close the performance monitor|close
exit the performance monitor|close
close the event viewer|close
shut the event viewer|close
close the device manager|close
exit the device manager|close
close the disk management|close
shut the disk management|close
close the system information|close
exit the system information|close
shut the command prompt|close
close the terminal|close
exit the terminal|close
close the powershell|close
shut the powershell|close
close the registry editor|close
exit the registry editor|close
close the task scheduler|close
shut the task scheduler|close
close the services|close
exit the services|close
close the msconfig|close
shut the msconfig|close
close the control panel window|close
exit the control panel window|close
close the settings window|close
shut the settings window|close
close the preferences window|close
exit the preferences window|close
close the configuration window|close
shut the configuration window|close
close the setup window|close
exit the setup window|close
close the installer window|close
shut the installer window|close
close the updater window|close
exit the updater window|close
please close the window|close
shut this app|close
exit please|close
bail out|close
terminate session|close
close tab|close
shut the tab|close
close that window|close
end this|close
shut it|close
close it|close
kill the process|close
close all windows|close
shut down the software|close
close this file|close
end the application|close
close everything|close
finish up and close|close
quit the app|close
sign off|close
wrap up the session|close
close current app|close
close this session|close
shut off the program|close
close project|close
close window now|close
close this program|close
exit the current window|close
exit the email client|close
shut down settings window|close
close this browser tab|close
quit the music player|close
dismiss the notification panel|close
close the video player|close
close the command prompt|close
close this notification popup|close
close only this document|close
close the shutdown options dialog|close
close the reboot prompt window|close
close the power management settings|close
close the system update popup|close
close the energy saver panel|close
close the power button configuration|close
close the safe-mode warning screen|close
close the boot menu overlay|close
close the firmware update page|close
close the battery saver notification|close
close the hibernation settings box|close
close the fast-boot panel|close
close the recovery options window|close
close the secure boot dialog|close
close the system restore wizard|close
close the Spotify app|close
close the second tab|close
close the shutdown settings tab|close
close the power options menu|close
close the system monitor window|close
close the reboot logs|close
close the battery stats popup|close
close the startup applications list|close
close the update center|close
close the downloads panel|close
close the settings screen|close
close the currently focused app|close
close the chat overlay|close
close the calendar window|close
close this window but keep the app running|close
close all other tabs except this one|close
close the terminal session|close
end the video call|close
close all open documents|close
close the current window|close
close Chrome browser|close
close the system info tab|close
shut the browser down|close
close the power options window|close
restart the settings app|close
close the terminal tab|close
close the notes app|close
close this popup|close
close the current tab|close
close the YouTube window|close
close my documents|close
close all running apps|close
close settings window|close
close recent files list|close
close the chat popup|close
close this notification|close
close everything open|close
close the image viewer|close
close the alarm screen|close
close downloads panel|close
close the email client|close
close all tabs except this one|close
close the current document|close
close split screen view|close
close camera app|close
close file explorer|close
close the spreadsheet|close
close the presentation|close
close the PDF reader|close
close the terminal window|close
close the settings tab|close
close the help window|close
close the search bar|close
close the sidebar|close
close the notification center|close
close the task manager|close
close the program|close
close the report|close
close the log file|close
pack it up|close
fade to black|close
terminate operations|close
look up my contacts|close
lookup system settings|close
stop the video and close the app|close
wrap up the music and shut it|close
close the player after playback|close
end the streaming now|close
end the session please|close
remove this window|close
close this content tab|close
archive the article and close|close
wrap the wires|close
pull the curtain|close
ghost this app|close
drop the mic and shut it|close
pull the plug|close
nuke the tab|close
end of the line|close
signing off|close
show's over|close
seal the portal|close
power down the beast|close
clear the stage|close
turn off the lights|close
exit the ride|close
close the window|close
shut down this application|close
log out and close everything|close
please close the interface|close
kill this tab|close
shut off the assistant|close
turn off the AI|close
close this application now|close
close down the dashboard|close
exit the interface|close
stop and close|close
turn the app off|close
drop the curtain|close
clock out time|close
abort the mission|close
log off from existence|close
shut it after the video ends|close
close the media player|close
exit once the playback is done|close
close this after it finishes playing|close
close this doc when done reading|close
close everything after viewing|close
please close the tab after watching|close
stop the podcast and close app|close
close my session once media ends|close
shut the app when the content ends|close
end the video and shut the screen|close
close browser after this stream|close
kill the music and log me out|close
log off after playback ends|close
clear the scene|close
shut everything off|close
pull the plug on this app|close
cut the feed|close
roll the credits|close
done for today|close
hit the shutdown button|close
off with the lights|close
retreat and shut|close
switch to offline mode|close
despawn the assistant|close
clock me out|close
slam the brakes|close
bring this to a halt|close
disable everything|close
drop all functions|close
clear my screen|close
close this down|close
wrap up this app|close
dismiss this screen|close
exit the editor|close
scrap this panel|close
kill the current interface|close
close the door on this|close
bye bye to this app|close
halt this interface|close
log out and exit|close
shut down the assistant|close
please exit now|close
abort mission|close
we're done, shut it down|close
pack it up, we're leaving|close
this ends here|close
I've had enough|close
mission complete|close
power down sequence, go|close
delete this interface|close
exit node active|close
I'm bouncing|close
peace out|close
unplug now|close
power off|close
get me outta here|close
wrap it|close
I'm out|close
bounce from this app|close
close the curtain|close
donezo|close
switch it off|close
pull down the shades|close
turn off the system|close
let's end this ride|close
power it down|close
final command: shutdown|close
closing time|close
off you go|close
close the app|close
exit the application|close
please stop everything|close
I want to quit|close
log out now|close
stop running now|close
leave the program|close
turn yourself off|close
can you shut it off?|close
I'm done here, close this|close
wrap this up|close
that's enough, exit now|close
Kick that window out|close
Close the whole chat view|close
Get that app outta my face|close
Click the cross and bounce it|close
Tell that tab goodbye|close
Exit the doc, I'm done typing|close
Slide off that overlay|close
Lose the pop-up already|close
Shut that thing, will ya?|close
Back out and kill the screen|close
Yo, wipe the current tab clean|close
Make that app vanish|close
Kill the floating window now|close
Clear this screen and chill|close
End the task on the side panel|close
Done with this player — close it|close
Push that menu away|close
Throw this tab into the void|close
Delete that little window up top|close
Get me out of this edit view|close
Close out the stream panel|close
Can you drop that floating chat?|close
Nisha, shut that app down real quick|close
Collapse that preview pane|close
Tell this widget to go nap|close
Shut off this mini-app running|close
Fold the sidebar down|close
Click that X like a boss|close
Trash the current file view|close
Boot this window from my desktop|close
Wipe off this extra screen|close
Get rid of this thing hovering|close
Snuff out the popup|close
Exit this thing, I've moved on|close
Take that tab off rotation|close
Hit the close on that window now|close
Clear this screen and get me back|close
Dismiss the overlay thingy|close
Nuke the floating panel|close
Close that stuff in the background|close
Wrap the window and bounce|close
I don't need this panel, close it|close
Cancel that task view|close
quit everything|close
shut the program down|close
back out of this window|close
close the app now|close
exit this application|close
stop everything, I'm done|close
turn this thing off|close
pack up this session|close
archive and exit|close
seal this window|close
lock up this app|close
wind down this program|close
log off from this session|close
dismiss the active window|close
draw the curtains on this|close
button up this application|close
snap the window shut|close
clip this session|close
put the lid on this app|close
zip up this window|close
cap off this program|close
pack up this application|close
snap this shut|close
fold away this window|close
button down this session|close
cap this off|close
draw a curtain on this app|close
lock this down|close
stow away this window|close
close the frame|close
bring this to a close|close
halt this display|close
seal off the interface|close
shutter this program|close
curtail this session|close
cut the run here|close
clip the wings of this app|close
shrink this window away|close
store this application|close
button up the interface|close
clip this tool|close
shutter the interface|close
latch this window|close
bring down this screen|close
pull the shades on this|close
bolt this app shut|close
curtain call for this window|close
tie up this session|close
lock out this program|close
fold in the window|close
jam this software closed|close
block access and close|close
crimp this interface|close
trim this session short|close
shelve this app|close
drop the blinds on this|close
dock this window|close
quell the display|close
curb this program|close
park this application|close
snuff out this session|close
cork this window|close
wrap the interface|close
reel in this app|close
bury this window|close
park the app|close
extinguish this session|close
seal up this tool|close
button this window|close
douse this program|close
anchor this application|close
stall this session|close
leash this window|close
lock this interface|close
dock the program|close
stanch this app|close
stop this interface|close
ream in this window|close
latch down this session|close
fog this display off|close
secure this program|close
muzzle this app|close
reel in this session|close
bank this window|close
curb access here|close
bookend this interface|close
bind this app|close
curtains on this display|close
reel up this program|close
nail shut this session|close
bar this window|close
lock the frame|close
safeguard and close|close
peg this interface|close
curb this session|close
snap this interface off|close
shove this window away|close
suppress this app|close
strand this session closed|close
sideline this program|close
dock this interface|close
bolster and close|close
lock the screen tight|close
wind up this program|close
cage this app|close
pinch this session off|close
stanch the interface|close
cuff this window|close
end it right away|close
close everything up|close
halt the service now|close
just shut it down|close
bring it to an end|close
wrap this feature now|close
close out everything|close
finish this task|close
make it stop|close
kill the active window|close
end what's on screen|close
wrap this thing|close
turn off the interface|close
cut this short|close
wrap it all|close
bring closure to this|close
pull the plug on it|close
wind it down|close
kill the display|close
shut down the dashboard|close
close this dashboard|close
exit from this screen|close
pack this up|close
close this functionality|close
get rid of this|close
remove this screen|close
terminate and quit|close
abort the app|close
close and get out|close
close and leave|close
make the window vanish|close
remove this app|close
close the code|close
kill the operation|close
close whatever this is|close
kill what's running|close
off this thing|close
clear the app|close
dissolve the window|close
exit what's running|close
lock it off|close
dismount this app|close
close this logic|close
take down the screen|close
finalize and quit|close
end the execution|close
conclude this app|close
make the session end|close
vanish the screen|close
exit this feature|close
unplug the software|close
stop this UI|close
kill the frontend|close
terminate the screen|close
end the run|close
close this instance|close
break the loop|close
dump the app|close
scrap the task|close
release this session|close
offload the process|close
shut it down for me|system
restart the machine|system
log me out now|system
reboot the system|system
put the PC to sleep|system
hibernate the laptop|system
lock the screen|system
Turn the brightness all the way down|system
Make it louder, I can barely hear|system
Yo, flip the Wi-Fi back on|system
Switch to airplane mode real quick|system
Kill the Bluetooth, I'm done pairing|system
How's the battery looking?|system
Drop the volume a notch|system
Max out the screen brightness, please|system
Connect to the fastest Wi-Fi around|system
Are we low on storage again?|system
Is dark mode on or nah?|system
Turn on Do Not Disturb|system
Disable auto-rotate, it's annoying|system
Turn off hotspot for now|system
What's my current battery percentage?|system
Switch audio output to speakers|system
Yo, put the phone in silent|system
Update all the apps quietly|system
How much RAM are we using right now?|system
Toggle night light mode|system
Boost the performance if possible|system
Lower screen timeout to 30 seconds|system
Enable power saving mode, ASAP|system
How's the CPU temperature looking?|system
Flip that vibration mode on|system
Is there any pending software update?|system
Change my wallpaper to something fresh|system
Turn on auto-brightness again|system
Mute everything for 10 minutes|system
Tell me the Wi-Fi signal strength|system
Reset the network settings now|system
Can you check if GPS is active?|system
Switch display resolution to high|system
Stop background data usage for now|system
Lock the screen immediately|system
kill power to the box|system
power off the computer|system
boot into safe mode|system
apply pending updates|system
install system updates|system
check for OS updates|system
run a disk check|system
defragment the drive|system
clear system cache|system
open a terminal window|system
launch command prompt|system
get me into BIOS|system
enter BIOS setup|system
bring up the recovery menu|system
go to the login screen|system
sign me out|system
switch user account|system
change user without reboot|system
update the kernel|system
patch the OS|system
upgrade the system software|system
roll back last update|system
restore from backup|system
mount the C drive|system
unmount the external disk|system
eject removable media|system
lock the workstation|system
turn off the monitor|system
wake the machine up|system
activate airplane mode|system
deactivate airplane mode|system
enable dark mode|system
disable dark mode|system
increase screen brightness|system
decrease screen brightness|system
toggle night light|system
open system settings|system
go to power options|system
show me device manager|system
launch control panel|system
open security center|system
start task manager|system
end the runaway process|system
flush DNS cache|system
renew DHCP lease|system
clear temp files|system
set up a restore point|system
create a system restore|system
remove old restore points|system
encrypt the drive|system
decrypt the drive|system
enable firewall|system
disable firewall|system
turn on Windows Defender|system
turn off Windows Defender|system
run antivirus scan|system
check system health|system
generate startup report|system
view event logs|system
export system logs|system
wipe free space|system
securely erase drive|system
activate guest account|system
deactivate guest account|system
enable remote desktop|system
disable remote desktop|system
open network settings|system
reset network adapter|system
flush print queue|system
add new user|system
remove user account|system
change user password|system
set auto-login off|system
enable auto-login|system
start system diagnostics|system
stop system diagnostics|system
run memory test|system
calibrate touch screen|system
switch audio output|system
switch audio input|system
mute system volume|system
unmute system volume|system
restart graphics driver|system
reload display driver|system
enter recovery mode|system
exit recovery mode|system
initiate full shutdown|system
do a clean reboot|system
get the OS to restart|system
shut down the operating system|system
log me off completely|system
boot the system again|system
sign out of my session|system
put this device into hibernate mode|system
kick off a fresh login|system
go ahead and reboot|system
start a system power cycle|system
run the restart protocol|system
send the PC into sleep mode|system
get me outta here and log off|system
drop into command line|system
boot straight into diagnostics|system
open up advanced boot options|system
toggle power saving mode|system
bring up the boot loader|system
launch recovery console|system
schedule a shutdown for 10pm|system
set an auto reboot for tonight|system
restart but delay it 5 minutes|system
boot the system without GUI|system
switch to maintenance mode|system
trigger system sleep immediately|system
show shutdown menu|system
get to the boot config|system
wipe the pagefile on shutdown|system
reboot with debug flags|system
install the latest security patch|system
scan for corrupted system files|system
verify OS integrity|system
restore default power settings|system
reset system preferences|system
dump all system info to a log|system
revert to factory defaults|system
boot into last known good config|system
open boot sequence settings|system
modify the startup routine|system
scan for outdated drivers|system
check battery health status|system
put it in airplane mode for now|system
disable screen timeout|system
enable do-not-disturb mode|system
wake it with LAN|system
apply scheduled OS updates|system
update BIOS firmware|system
check for critical OS patches|system
go full shutdown, no questions|system
init system refresh|system
run startup repair|system
open firmware settings|system
load safe boot environment|system
scan system registry|system
restart just the desktop environment|system
kill all background services|system
flush system logs|system
reindex the system files|system
open device diagnostics panel|system
clean boot the system|system
activate system monitor|system
suspend user session|system
disable auto updates|system
enable update alerts|system
pause update downloads|system
resume pending updates|system
connect to system logs|system
view update history|system
toggle system tray icons|system
open the kernel log|system
enter multi-user mode|system
switch to single-user mode|system
disable graphical login|system
set max CPU usage to 70%|system
limit background tasks|system
clean memory cache|system
reset system clock|system
resync with NTP server|system
start boot sequence timer|system
force driver reload|system
generate system snapshot|system
save current system state|system
change the default boot option|system
run bootloader repair|system
scan system partitions|system
lock the user session|system
log into root account|system
reboot into alternate OS|system
disable touchscreen|system
enable touchpad gestures|system
do a full OS reload|system
flip the system switch|system
launch the login interface|system
boot into rescue mode|system
bring the kernel back up|system
drop everything and reboot|system
initiate safe reboot cycle|system
go into deep sleep mode|system
kickstart the system config|system
wipe out temporary system junk|system
trigger hibernation protocol|system
force a soft restart|system
move to user switch screen|system
jump to the lock interface|system
switch over to a different user|system
pull up BIOS boot order|system
reapply security rules|system
reset my system-level preferences|system
trigger device sleep manually|system
call up advanced power controls|system
flush event viewer logs|system
fire up system utilities|system
redirect to system login page|system
run full diagnostic sequence|system
purge startup cache|system
ping system core services|system
toggle fast startup|system
launch UEFI settings|system
open disk management|system
check OS license status|system
run boot-time optimizer|system
wipe leftover system sessions|system
enable hardware acceleration|system
disable background sync|system
reset driver configs|system
tweak system timeout settings|system
silence all system alerts|system
mute OS notification sounds|system
restore boot manager|system
sync user profile with cloud|system
inspect kernel modules|system
start the OS fresh|system
kill all user daemons|system
update GRUB entries|system
lock screen immediately|system
firewall off just for now|system
resume from standby|system
hibernate after 5 minutes|system
open audit logs|system
set reboot timer for 15 mins|system
pause all automatic restarts|system
open crash dump viewer|system
force restart without prompts|system
toggle display scaling|system
switch monitor profile|system
apply BIOS-level password|system
clear CMOS memory|system
verify boot signatures|system
scan startup environment|system
load default services list|system
pull system update changelog|system
rebuild system font cache|system
disable automatic sleep|system
enable high performance mode|system
switch to balanced power profile|system
schedule login restrictions|system
disable login password|system
change boot timeout delay|system
disable fast boot|system
limit system-wide I/O|system
restart in verbose mode|system
start session recording|system
enable service watchdog|system
run bootable antivirus tool|system
stop auto-login|system
halt all startup apps|system
enable parental controls|system
reset admin privileges|system
generate a system boot report|system
pull up device authorization|system
display current boot config|system
open session tracker|system
mute boot chime|system
set default user to guest|system
rescan hardware tree|system
disable touchpad tap-to-click|system
eject installation media|system
jump to software update page|system
start BIOS recovery|system
check OS version info|system
enable adaptive brightness|system
disable system animations|system
power down the rig|system
initiate shutdown sequence|system
kick off system restart|system
log me off quick|system
flip the power switch|system
send the laptop into sleep|system
drop to login screen|system
run a quick reboot|system
launch the system console|system
show me power options|system
open advanced power settings|system
flip on battery saver mode|system
turn off fast startup|system
wake the system from sleep|system
force a reboot now|system
run system diagnostics tool|system
open system update panel|system
check for driver updates|system
clear the hibernation file|system
put system into low power|system
switch power plan to balanced|system
disable system hibernation|system
enable screen lock|system
activate quick user switching|system
stop all background processes|system
reboot into recovery environment|system
start the safe mode boot|system
open system configuration|system
flush the system DNS cache|system
disable screen saver temporarily|system
enable high contrast mode|system
activate battery health report|system
reset system network settings|system
schedule reboot for later|system
pause system update|system
resume system update|system
open system event viewer|system
clear error logs|system
turn off all notifications|system
enable system restore point|system
delete old restore points|system
open device security settings|system
disable network adapters|system
enable network adapters|system
activate airplane mode toggle|system
set power button to shutdown|system
disable lock screen notifications|system
force logout immediately|system
run disk cleanup utility|system
enable remote access|system
disable remote access|system
open performance monitor|system
restart the UI shell|system
apply energy saving tweaks|system
remove user profile cache|system
flush print spooler|system
open network troubleshoot|system
reset all network interfaces|system
check system uptime|system
mount network drives|system
unmount network drives|system
show system resource usage|system
turn off background apps|system
enable voice activation|system
disable voice activation|system
start system backup|system
cancel system backup|system
enable system notifications|system
disable system notifications|system
run memory diagnostics|system
clear swap file|system
enable CPU throttling|system
disable CPU throttling|system
change screen resolution|system
reload audio drivers|system
reset firewall settings|system
enable guest user|system
disable guest user|system
run system performance test|system
open security audit logs|system
start system scan|system
stop system scan|system
reset power settings to default|system
enable system indexing|system
disable system indexing|system
start system monitor tool|system
stop system monitor tool|system
toggle Wi-Fi adapter|system
toggle Bluetooth adapter|system
shutdown all running apps|system
switch user sessions|system
clear recent files list|system
enable screen magnifier|system
disable screen magnifier|system
check disk space available|system
optimize system startup|system
launch system restore wizard|system
power off the machine now|system
kick off emergency shutdown|system
go into power save mode|system
force quit all apps|system
reload system services|system
clear the system temp folder|system
open system control panel|system
turn off the PC display|system
set system volume to mute|system
launch system recovery tools|system
reset user session|system
start system update check|system
disable auto restart|system
enable auto restart|system
scan for system errors|system
stop all system tasks|system
flush system buffers|system
activate quick boot|system
deactivate quick boot|system
open system security settings|system
turn on system diagnostics|system
disable system diagnostics|system
change system language|system
open system time settings|system
synchronize system clock|system
open power management|system
enable silent mode|system
disable silent mode|system
run startup apps cleanup|system
pause system processes|system
resume system processes|system
shutdown after work hours|system
log off current user|system
start system audit|system
open system firewall settings|system
activate system lockdown|system
deactivate system lockdown|system
remove system restrictions|system
open system update history|system
check for critical updates|system
open system task scheduler|system
create new system user|system
delete system user account|system
disable guest login|system
enable guest login|system
start hardware diagnostics|system
stop hardware diagnostics|system
reset BIOS to default|system
enable USB ports|system
disable USB ports|system
clear system notifications|system
apply system patch update|system
make it disappear|close
discard the current task|close
shut it down completely|close
call a stop here|close
conclude the work|close
shut the thing off|close
cancel this job|close
get out of this|close
halt execution|close
wind up the app|close
bring this to closure|close
make the screen go away|close
freeze the app|close
end the thread|close
terminate the interaction|close
finalize the window|close
lock this out|close
disable this app|close
exit out of this|close
close the environment|close
wrap the program|close
shut this program|close
stop what's going on|close
shutdown this instance|close
close down this job|close
terminate what's open|close
close what's running|close
shut the current session|close
cut off the program|close
disable the window|close
end this instance|close
halt the current task|close
finish the current session|close
I wanna close this|close
end it right now|close
just close it already|close
shut it for me|close
end this app now|close
kill this window|close
wrap up the app|close
I'm done, shut it down|close
close down shop|close
can you kill it?|close
terminate this window|close
shut the session|close
power off the app|close
close everything here|close
finish and close|close
drop this app|close
kill the tab|close
shut this session|close
end and exit|close
close this feature|close
cut this off|close
cease all operations|close
shut it off|close
close all of this|close
call it quits|close
stop and exit|close
fold up the app|close
put this to bed|close
shutter the window|close
close the work|close
kill the process now|close
wrap this app up|close
please end it|close
end my session|close
close the program now|close
let's wrap this up|close
kill the software|close
shut the service|close
end the workflow|close
stop this application|close
cut power to this|close
shut down this tab|close
cease this service|close
close the module|close
end this feature|close
kill off the window|close
close the pipeline|close
shut shop|close
terminate the service|close
end the interface|close
halt this app|close
end the process|close
pull the plug here|close
close this module|close
stop the session|close
close the workflow|close
end our session|close
shut the UI|close
kill this interface|close
terminate the utility|close
exit the tool|close
wrap up this tool|close
shut off the software|close
close out the app|close
kill the utility|close
close this tool|close
end the utility|close
stop the tool|close
terminate the UI|close
shut down the plugin|close
close the addon|close
kill the plugin|close
end the addon|close
shut the plugin down|close
terminate the addon|close
exit the plugin|close
fold up this tool|close
shut down service|close
close out this service|close
kill the service|close
end the service|close
stop this service|close
terminate the feature|close
exit the feature|close
close this widget|close
kill the widget|close
end the widget|close
shut the widget|close
terminate the widget|close
stop the widget|close
get me out of this app|close
kill the app|close
I'm done here, shut it|close
quit this thing|close
close it all down|close
exit right now|close
wrap this session|close
yo just shut it down|close
I'm bouncing off this|close
end the assistant, please|close
close the app already|close
stop everything and log out|close
create a logo|generate image
draw me a space cat riding a rocket|generate image
visualize a neon cyberpunk street at night|generate image
show me how a medieval dragon would look|generate image
generate an image of a haunted castle|generate image
turn this idea into a picture: sunrise over alien mountains|generate image
render an ancient forest with glowing mushrooms|generate image
can you imagine a futuristic samurai in Tokyo?|generate image
bring to life a pirate ship flying in the sky|generate image
I want a picture of a robot drinking tea|generate image
show a fantasy map with dragons and kingdoms|generate image
give me a sketch of a warrior elf in armor|generate image
show what a dinosaur on a skateboard would look like|generate image
turn my dream into an illustration: floating islands|generate image
draw a scene of a post-apocalyptic city|generate image
let me see a crystal cave glowing inside|generate image
paint a golden retriever in astronaut gear|generate image
design an underwater castle with mermaids|generate image
can you build a picture of a desert oasis at night?|generate image
snap a fake photo of aliens landing in New York|generate image
give me visuals for a sci-fi control room|generate image
craft an image of a ninja turtle meditating|generate image
let's see a city powered by magic|generate image
draft me a wizard casting fire from his hands|generate image
whip up a dreamy cottage in the forest|generate image
throw together a landscape of mars with colonies|generate image
paint a surreal world of melting clocks|generate image
conjure a ghost ship at sea under the moonlight|generate image
whip up a sketch of a demon with wings|generate image
imagine a jellyfish flying through the clouds|generate image
pull off a portrait of a cyborg samurai|generate image
draw a witch's room full of glowing potions|generate image
get me an image of an owl in a hoodie|generate image
help me picture a crystal ball showing the future|generate image
I want something like a fairy chilling in a garden|generate image
mock up a futuristic racing bike|generate image
make a digital art piece of dragons clashing|generate image
let me see a steampunk airship flying over London|generate image
sketch me a lava golem walking through fire|generate image
transform this vibe into an image: rainy rooftop, neon lights|generate image
build a picture of time travelers in ancient Egypt|generate image
illustrate an angel with mechanical wings|generate image
paint a peaceful beach with glowing water|generate image
come up with a concept art of deep sea aliens|generate image
construct a haunted tree with faces in its bark|generate image
design an anime-style girl with silver hair and floating runes|generate image
render a desert with cyber temples|generate image
turn my words into art: a cat made of stars|generate image
let me see a king's throne room made of ice|generate image
create artwork of a panda eating ramen under cherry blossoms|generate image
generate a logo featuring a fox wrapped in flames|generate image
give me an AI-generated concept of a moon base|generate image
come up with a fake comic book cover starring me|generate image
get visuals of a hacker breaking into the matrix|generate image
invent a creature that's part dragon, part wolf|generate image
draw up a digital poster for a fake movie called “Skyfallers”|generate image
design a fantasy castle sitting on clouds|generate image
draw me an enchanted door in a stone wall|generate image
picture this: penguins ice skating under aurora lights|generate image
create an image of a battle between robots and aliens|generate image
give me a sketch of a cyberpunk violinist|generate image
imagine a glowing tree in the middle of space|generate image
illustrate a racing scene with futuristic cars|generate image
mock up a digital scene of astronauts farming|generate image
paint a giant turtle carrying a city on its back|generate image
draft a warrior riding a phoenix|generate image
visualize a floating hotel orbiting Earth|generate image
snap a surreal version of Times Square|generate image
design a magical library with floating books|generate image
show a galaxy with rainbow stars|generate image
capture a fake photo of a dragon flying past the moon|generate image
draw an abstract version of sadness|generate image
compose a scene of a spaceship caught in a storm|generate image
turn my sentence into a dream painting: “freedom on fire”|generate image
imagine an alien jungle full of glowing plants|generate image
sketch a queen wearing armor made of stars|generate image
create fan art of me as a video game hero|generate image
generate a background with clouds shaped like animals|generate image
build an image of a mech suit in the rain|generate image
paint a mythical beast sleeping in a cave|generate image
let's see a futuristic kitchen run by robots|generate image
render an ocean where whales fly in the sky|generate image
draft an astronaut floating with butterflies|generate image
make a fake travel poster for “Atlantis Resort”|generate image
draw a waterfall of glowing crystals|generate image
show me a fantasy scene of knights vs alien invaders|generate image
visualize a dragon curled around a skyscraper|generate image
mock up a digital collage of dreams|generate image
construct a side view of a steampunk lab|generate image
imagine a fox with bioluminescent fur|generate image
whip up a comic panel with a superhero landing|generate image
give me a dream-like view of a rainy forest|generate image
snap an image of a ninja disappearing in smoke|generate image
design a futuristic classroom with holograms|generate image
create something showing peace in chaos|generate image
draft a dragon hugging a moon|generate image
render a top-down view of a magic island|generate image
generate a timelapse image of a star forming|generate image
craft a birthday card in retro synthwave style|generate image
build a photo-realistic image of a cat DJ|generate image
let me see an alien king sitting on a jelly throne|generate image
show me a penguin surfing on lava|generate image
make a visual of a dog park in space|generate image
turn this into art: silence in a thunderstorm|generate image
give me a pixel-style portrait of an alien princess|generate image
I need a fake ad for shoes that float|generate image
sketch out a wizard DJ at a rave|generate image
render a cyber jungle with digital vines|generate image
generate a dreamy landscape with candy clouds|generate image
give me an isometric drawing of a floating town|generate image
mock up a vintage poster of a robot band|generate image
visualize a mirror world where cats rule|generate image
draw a comic-style thief stealing stars|generate image
turn “rebel harmony” into an artwork|generate image
make a cute alien drinking bubble tea|generate image
show what “glitch reality” could look like|generate image
paint an underwater city glowing in darkness|generate image
imagine a biker gang of fireflies|generate image
whip up a night carnival on Saturn|generate image
generate an ancient prophecy in image form|generate image
I want a dragon with graffiti wings|generate image
build an image of a panda meditating on a mountain|generate image
let's see a samurai in virtual reality|generate image
design a fake cereal box with a monster mascot|generate image
show a jungle that grows neon signs|generate image
give me a tarot card-style image of “The Hacker”|generate image
construct a scene: a comet crashing into candy land|generate image
draft a surreal hallway with endless mirrors|generate image
make a black-and-white noir city with lasers|generate image
draw a snail with a rocket-powered shell|generate image
turn this into a picture: “wisdom trapped in pixels”|generate image
snap an image of a dolphin flying through equations|generate image
design a graffiti wall with glowing runes|generate image
I want art of a crow holding a lantern|generate image
show me a magic broom highway in the clouds|generate image
sketch a cursed typewriter with floating letters|generate image
make a digital art of broken time|generate image
create a logo for a fictional time travel agency|generate image
give me an illustration of music coming alive|generate image
visualize a carnival at the edge of the universe|generate image
paint a haunted subway with flickering lights|generate image
draw a cosmic chessboard with living pieces|generate image
snap a vaporwave beach with glowing palm trees|generate image
craft an artwork showing “electric loneliness”|generate image
make an image of a whale surfing Wi-Fi waves|generate image
render an office for supernatural detectives|generate image
build a fantasy school of cloud architecture|generate image
give me a neon-lit alley with graffiti robots|generate image
sketch out a time loop in comic strip style|generate image
turn “chaotic beauty” into a digital poster|generate image
draw a volcano spewing candy instead of lava|generate image
show what a dream inside a robot looks like|generate image
create an ad poster for interplanetary pizza|generate image
I want a fantasy pub run by elves|generate image
make a high-res image of an alien wearing shades|generate image
illustrate an urban fox playing arcade games|generate image
design a floating cafe in the sky|generate image
visualize an apocalypse of jelly beans|generate image
generate a concept for a mirror maze spaceship|generate image
craft an image of a haunted vending machine|generate image
draw a dog detective chasing ghosts|generate image
make a sketch of a cat owning a bakery|generate image
build an image showing balance between chaos and calm|generate image
show me a knight on a hoverboard|generate image
design a fake album cover for “Zero Gravity Romance”|generate image
turn this phrase into visuals: “techno forest ritual”|generate image
give me a picture of books that glow when opened|generate image
illustrate a duck king ruling from a cloud throne|generate image
make a 3D render of a crystal rose|generate image
draw a circus of shadows under moonlight|generate image
create art showing the moment AI dreams|generate image
paint an underwater graveyard of ships|generate image
generate a pixel art city with flying boats|generate image
give me a steampunk-style moon base|generate image
sketch a child holding a balloon made of galaxies|generate image
show a creature that's part fish, part motorcycle|generate image
draft an illustration of dancing ghosts in a library|generate image
turn “quiet rebellion” into a visual concept|generate image
create a mural with cloud dragons and sunflowers|generate image
design a treehouse powered by solar wings|generate image
render a room filled with floating memories|generate image
mock up a magical train riding lightning rails|generate image
imagine an alternate dimension with upside-down oceans|generate image
give me a fake comic book scene of me as a villain|generate image
build a view of a glass forest in the sunset|generate image
create a surreal clock that melts forward in time|generate image
paint a fox hiding in a digital field|generate image
sketch a sleepy bear on a mountain of marshmallows|generate image
make a scenic render of a lunar sunflower field|generate image
visualize a meteor shower over mushroom houses|generate image
design a robot marketplace at dusk|generate image
draw an alien carnival in the clouds|generate image
create an image of a sunset over mountains|generate image
generate a portrait of a medieval knight|generate image
draw a cartoon cat wearing sunglasses|generate image
make a photo of a futuristic city|generate image
design a logo for a coffee shop|generate image
render a 3D model of a robot|generate image
produce an abstract painting|generate image
create a landscape with waterfalls|generate image
visualize a space station orbiting Earth|generate image
generate artwork of a unicorn|generate image
draw a steampunk airship|generate image
make an infographic about recycling|generate image
create a watercolor of autumn leaves|generate image
render a sci-fi battle scene|generate image
generate a pixel art dungeon|generate image
produce a cartoon of a dog chasing its tail|generate image
design a minimalistic poster|generate image
create concept art for a fantasy map|generate image
draw a comic strip about office life|generate image
generate a bar chart illustration|generate image
produce an isometric cityscape|generate image
create a sketch of a vintage car|generate image
generate a neon sign graphic|generate image
draw a manga-style character|generate image
make an oil painting of the ocean|generate image
design an album cover|generate image
create a pixel art character|generate image
generate a surreal dreamscape|generate image
draw a botanical illustration|generate image
create a logo for an eco-friendly brand|generate image
design a logo with a minimalist style|generate image
create a retro digital painting|generate image
sketch an ancient warrior|generate image
create a vintage travel poster for a fictional destination|generate image
illustrate a scene from a futuristic underwater city|generate image
design a logo for a space exploration company|generate image
generate an image of a cyberpunk street market|generate image
create a digital painting of a mythical sea creature|generate image
design a logo for a sustainable energy startup|generate image
illustrate a scene from a post-apocalyptic world|generate image
generate an image of a retro-futuristic vehicle|generate image
create a digital painting of a serene mountain landscape|generate image
design a logo for a modern art gallery|generate image
illustrate a scene from a classic fairy tale|generate image
generate an image of a bustling cityscape at night|generate image
create a digital painting of a tranquil forest|generate image
design a logo for a luxury fashion brand|generate image
illustrate a scene from a historical event|generate image
generate an image of a vintage typewriter|generate image
create a digital painting of a blooming garden|generate image
design a logo for a vegan restaurant|generate image
illustrate a scene from a mythical legend|generate image
generate an image of a bustling street food stall|generate image
create a digital painting of a peaceful lake|generate image
design a logo for a yoga studio|generate image
illustrate a scene from a medieval fantasy world|generate image
generate an image of a vintage camera|generate image
create a digital painting of a starry night sky|generate image
design a logo for a tech conference|generate image
generate an image of a classic motorcycle|generate image
create a digital painting of a desert landscape|generate image
design a logo for a craft brewery|generate image
illustrate a scene from a space opera|generate image
generate an image of a vintage radio|generate image
create a digital painting of a foggy forest|generate image
design a logo for a photography studio|generate image
illustrate a scene from a time-travel adventure|generate image
generate an image of a classic bicycle|generate image
create a digital painting of a tropical island|generate image
design a logo for an eco-friendly brand|generate image
illustrate a scene from a steampunk universe|generate image
generate an image of a vintage suitcase|generate image
produce a vibrant abstract piece|generate image
can you make a digital caricature?|generate image
design an image of a sports car|generate image
show me an AI-generated sci-fi scene|generate image
make some generative abstract art|generate image
create a mystical landscape|generate image
render an underwater world|generate image
design a psychedelic art piece|generate image
draw a magical forest|generate image
create a futuristic tech design|generate image
produce a conceptual portrait|generate image
design a fantasy creature|generate image
draw a cartoon-style unicorn|generate image
create a high-tech city skyline|generate image
make a vintage-inspired poster|generate image
design a space station|generate image
sketch a cyberpunk street scene|generate image
create an underwater fantasy scene|generate image
draw an enchanted castle|generate image
make a vibrant digital painting|generate image
create a geometric art piece|generate image
generate a scene from another planet|generate image
produce an artistic fantasy scene|generate image
design a mechanical robot|generate image
make a surreal, dream-like landscape|generate image
create an animal portrait|generate image
design a fantasy-inspired character|generate image
draw a steampunk vehicle|generate image
generate a mystical night sky|generate image
sketch a quirky robot|generate image
create a serene lake view|generate image
produce a conceptual futuristic city|generate image
design an abstract sculpture|generate image
render a tranquil beach scene|generate image
make a whimsical alien landscape|generate image
draw a superhero portrait|generate image
create a cyberpunk character design|generate image
generate an artistic self-portrait|generate image
sketch a futuristic house|generate image
create a digital painting of a mountain|generate image
sketch a fierce dragon|generate image
produce a unique piece of artwork|generate image
can you make a digital portrait?|generate image
create an image of a futuristic car|generate image
show me a creative AI-generated image|generate image
make some AI-generated art|generate image
design a fantasy-inspired wallpaper|generate image
render a cosmic scene|generate image
create a piece of surreal digital art|generate image
draw a futuristic cityscape|generate image
generate a portrait drawing|generate image
draw a cute cat|generate image
make me an AI image of a mountain|generate image
generate a dark fade image|generate image
create a blackout scene|generate image
draw the final scene|generate image
design a shutdown concept art|generate image
render a scene going dark|generate image
illustrate a closing curtain|generate image
make a ghosted UI mockup|generate image
design a fade-to-black splash screen|generate image
create a plug-pulled graphic|generate image
draw a tab closing animation|generate image
render system powerdown illustration|generate image
compose a 'stop everything'poster|generate image
make an image of a lion in space|generate image
create an AI art of a forest|generate image
I want a picture of a flying car|generate image
render a sunset over the ocean|generate image
draw a robot warrior|generate image
show me a fantasy dragon art|generate image
sketch a cute cat in a hoodie|generate image
create a fade-to-black image|generate image
draw a “ghost app” concept|generate image
render a “power down” illustration|generate image
design a “mic drop” graphic|generate image
can you visualize this prompt?|generate image
paint a castle in the clouds|generate image
build an anime-style portrait|generate image
turn this into a picture|generate image
generate artwork of a cyberpunk city|generate image
design a poster for my song|generate image
make a digital art of love and chaos|generate image
give me a surreal image|generate image
bring this prompt to life visually|generate image
I want some AI-generated art|generate image
make a wallpaper of a glitch world|generate image
draw a peaceful garden scene|generate image
I need a moody silhouette image|generate image
draw a picture of a dragon|generate image
generate an artwork|generate image
can you create a digital sketch?|generate image
produce an image of a car|generate image
show me a generated image|generate image
create some AI art|generate image
give me a fantasy wallpaper|generate image
render a photo of space|generate image
make me a surreal digital art|generate image
make a digital drawing|generate image
create an artwork|generate image
draw a cat|generate image
generate landscape image|generate image
design a poster|generate image
generate meme|generate image
create avatar|generate image
draw a tree|generate image
produce a nature landscape image|generate image
design a custom logo|generate image
create a vibrant poster|generate image
make a funny meme|generate image
generate a cartoon avatar|generate image
sketch a whimsical tree|generate image
design a futuristic logo|generate image
create a new piece of art|generate image
create a unique avatar|generate image
design an eye-catching poster|generate image
draw a playful kitten|generate image
sketch a magical tree|generate image
generate a photo-realistic dog|generate image
create a beautiful tree image|generate image
generate a scenic landscape picture|generate image
make a humorous meme|generate image
create a digital character drawing|generate image
generate a digital painting of a dragon flying over a city|generate image
create an image of a futuristic city skyline at night|generate image
design a logo for a tech startup|generate image
illustrate a serene landscape with mountains and a lake|generate image
draw a portrait of a woman in a vintage style|generate image
paint a surreal scene with floating islands|generate image
create a digital artwork of a spaceship landing on Mars|generate image
design a fantasy castle surrounded by a forest|generate image
illustrate a vintage car driving through a desert|generate image
draw a futuristic robot in a sci-fi setting|generate image
paint a mystical forest with glowing plants|generate image
generate an image of a medieval knight in armor|generate image
create a digital painting of a sunset over the ocean|generate image
design a logo for a music festival|generate image
illustrate a steampunk airship flying over a city|generate image
draw a portrait of a man in a renaissance style|generate image
paint a surreal landscape with melting clocks|generate image
generate an image of a dragon perched on a mountain|generate image
create a digital artwork of a futuristic cityscape|generate image
illustrate a peaceful garden with blooming flowers|generate image
draw a portrait of a woman in a modern style|generate image
paint a fantasy scene with a unicorn in a meadow|generate image
generate an image of a spaceship flying through a nebula|generate image
create a digital painting of a snowy mountain landscape|generate image
design a logo for a clothing brand|generate image
illustrate a magical forest with fairies|generate image
draw a portrait of a man in a vintage style|generate image
paint a surreal scene with floating books|generate image
generate an image of a dragon flying over a castle|generate image
create a digital artwork of a futuristic city at night|generate image
design a logo for a fitness center|generate image
illustrate a serene lake surrounded by mountains|generate image
draw a portrait of a woman in a fantasy style|generate image
paint a mystical scene with glowing mushrooms|generate image
generate an image of a spaceship exploring an alien planet|generate image
create a digital painting of a tropical beach|generate image
design a logo for a tech company|generate image
illustrate a steampunk robot in a workshop|generate image
draw a portrait of a man in a futuristic style|generate image
paint a surreal landscape with floating rocks|generate image
generate an image of a dragon guarding a treasure|generate image
create a digital artwork of a cyberpunk city at night|generate image
design a logo for a gaming company|generate image
illustrate a magical forest with glowing trees|generate image
draw a portrait of a woman in a historical style|generate image
paint a fantasy scene with a dragon and a knight|generate image
generate an image of a spaceship traveling through a wormhole|generate image
create a digital painting of a snowy forest|generate image
design a logo for a restaurant|generate image
illustrate a futuristic city with flying cars|generate image
draw a portrait of a man in a mythical style|generate image
paint a surreal scene with floating islands and waterfalls|generate image
generate an image of a dragon flying over a volcano|generate image
create a digital artwork of a cyberpunk street at night|generate image
design a logo for a sports team|generate image
illustrate a peaceful beach with palm trees|generate image
draw a portrait of a woman in a fantasy setting|generate image
paint a mystical scene with glowing crystals|generate image
generate an image of a spaceship landing on a new planet|generate image
design a logo for a fashion brand|generate image
illustrate a steampunk city with airships|generate image
draw a portrait of a man in a futuristic setting|generate image
paint a surreal landscape with floating cities|generate image
generate an image of a dragon flying over an ocean|generate image
create a digital artwork of a cyberpunk alleyway|generate image
illustrate a magical forest with glowing animals|generate image
draw a portrait of a woman in a sci-fi setting|generate image
paint a fantasy scene with a dragon and a wizard|generate image
generate an image of a spaceship exploring a new galaxy|generate image
create a digital painting of a mountain range|generate image
design a logo for a travel agency|generate image
illustrate a futuristic city with neon lights|generate image
draw a portrait of a man in a fantasy setting|generate image
paint a surreal scene with floating clocks and trees|generate image
generate an image of a dragon perched on a cliff|generate image
create a digital artwork of a cyberpunk skyline|generate image
design a logo for a beauty salon|generate image
illustrate a peaceful meadow with wildflowers|generate image
draw a portrait of a woman in a historical setting|generate image
paint a mystical scene with glowing fireflies|generate image
generate an image of a spaceship flying through space|generate image
create a digital painting of a tropical rainforest|generate image
design a logo for a pet store|generate image
illustrate a steampunk inventor in a workshop|generate image
draw a portrait of a man in a historical setting|generate image
paint a surreal landscape with floating mountains|generate image
generate an image of a dragon flying over a cityscape|generate image
create a digital artwork of a cyberpunk district|generate image
design a logo for a wedding planner|generate image
illustrate a magical forest with enchanted creatures|generate image
draw a portrait of a woman in a mythical setting|generate image
paint a fantasy scene with a dragon and a princess|generate image
generate an image of a spaceship traveling through a black hole|generate image
create a digital painting of a snowy mountain village|generate image
design a logo for a bookstore|generate image
illustrate a futuristic city with robots|generate image
draw a portrait of a man in a mythical setting|generate image
paint a surreal scene with floating islands and castles|generate image
generate an image of a dragon flying over a desert|generate image
create a digital artwork of a cyberpunk street scene|generate image
illustrate a peaceful garden with koi fish|generate image
draw a portrait of a woman in a fantasy world|generate image
paint a mystical scene with glowing lanterns|generate image
generate an image of a spaceship exploring an asteroid field|generate image
paint a futuristic underwater city|generate image
illustrate a dragon soaring over mountains|generate image
create a vibrant carnival scene|generate image
draw a robot meditating in a garden|generate image
design a cosmic jellyfish floating in space|generate image
generate a fantasy marketplace bustling with creatures|generate image
sketch an enchanted library with glowing books|generate image
render a mystical phoenix rising from ashes|generate image
create an image of a clock tower in a storm|generate image
draw a surreal portrait of a musician|generate image
illustrate a forest made of crystal trees|generate image
generate a cybernetic owl perched on wires|generate image
paint a sunset with flying whales|generate image
design a futuristic subway station|generate image
create a whimsical underwater tea party|generate image
draw a moonlit wolf pack on a cliff|generate image
render a floating island with waterfalls|generate image
illustrate a robot and a child playing chess|generate image
generate a mystical cave illuminated by crystals|generate image
sketch a post-apocalyptic city skyline|generate image
paint a cosmic garden with alien plants|generate image
create an image of a vintage spaceship cockpit|generate image
draw a ghostly figure in an abandoned mansion|generate image
design a fantasy castle on a floating rock|generate image
illustrate a surreal clock melting over a desert|generate image
generate an image of a forest spirit|generate image
render a city covered in neon lights at night|generate image
create a digital painting of a stormy ocean|generate image
draw a whimsical creature with butterfly wings|generate image
paint a serene mountain lake at dawn|generate image
generate a futuristic warrior in armor|generate image
design a mythical dragon curled around a tower|generate image
illustrate a robotic hand holding a flower|generate image
create an image of an ancient tree with glowing roots|generate image
draw a cyberpunk city street market|generate image
render a dreamlike beach with floating lanterns|generate image
generate a portrait of an alien queen|generate image
paint a vibrant city park in autumn|generate image
illustrate a robot painting on a canvas|generate image
create a magical forest path in twilight|generate image
draw a dragonfly made of light|generate image
design a futuristic race car speeding on a neon track|generate image
generate a surreal image of melting ice cream mountains|generate image
paint a giant treehouse village|generate image
create a digital artwork of a warrior's helmet|generate image
render a celestial event with multiple moons|generate image
illustrate a mystical portal in the forest|generate image
draw a cosmic whale swimming through stars|generate image
generate a fantasy underwater palace|generate image
paint a quiet village under northern lights|generate image
generate an image of a dog|generate image
generate an image of a tree|generate image
illustrate a medieval battle scene|generate image
generate a steampunk cityscape|generate image
draw a celestial goddess in space|generate image
create an image of a melting clock|generate image
design a neon-lit jungle environment|generate image
render a magical waterfall under moonlight|generate image
draw a robotic animal hybrid|generate image
produce a galaxy made of crystals|generate image
make a sketch of a dreamlike island|generate image
illustrate a post-apocalyptic desert|generate image
generate a vintage noir detective scene|generate image
design a futuristic racing bike|generate image
paint a cosmic storm across a city|generate image
create an image of a holographic phoenix|generate image
draw a biomechanical insect|generate image
sketch a fire-breathing robot dinosaur|generate image
generate a fantasy tavern interior|generate image
illustrate a portal opening in the sky|generate image
design a planet made entirely of water|generate image
create a visual of an AI consciousness|generate image
render a neon samurai in a rainy street|generate image
draw a silhouette dancing in starlight|generate image
make a chaotic dreamscape|generate image
illustrate a wizard casting a storm spell|generate image
generate a moon base colony scene|generate image
design a bird made of clockwork gears|generate image
create a surreal garden growing upside down|generate image
draw a ghost pirate ship at sea|generate image
make a painting of memories fading away|generate image
sketch a circus in a post-human world|generate image
illustrate a creature born from shadows|generate image
design a solar eclipse with mythic symbolism|generate image
render a fusion of forest and machinery|generate image
paint a desert full of floating islands|generate image
generate an aerial view of an alien world|generate image
draw a temple built on a cloud|generate image
create an artwork of emotions visualized|generate image
sketch a robotic knight riding a wolf|generate image
produce an image of time collapsing|generate image
design a machine painting itself|generate image
illustrate a painter's brush turning into reality|generate image
render a mask transforming into a face|generate image
draw a mirror reflecting another world|generate image
make a digital collage of dreams|generate image
sketch a haunted train in the fog|generate image
generate a whimsical candy universe|generate image
illustrate a world made of strings and notes|generate image
draw a comet crashing into an ocean|generate image
render an abandoned floating library|generate image
create a visual metaphor of inner peace|generate image
find cat videos on YouTube|youtube search
Search YouTube for tutorials on Photoshop|youtube search
Find videos about quantum physics on YouTube|youtube search
Look up the best cooking recipes on YouTube|youtube search
Browse YouTube for the latest tech reviews|youtube search
Show me YouTube videos on travel destinations|youtube search
Find documentaries on climate change on YouTube|youtube search
Search YouTube for dance lessons|youtube search
Look up product reviews on YouTube|youtube search
Find YouTube videos about meditation techniques|youtube search
Browse for funny animal videos on YouTube|youtube search
Search YouTube for interviews with Elon Musk|youtube search
Look up YouTube videos on guitar tutorials|youtube search
Find videos about space exploration on YouTube|youtube search
Search YouTube for workout routines|youtube search
Look up educational videos for kids on YouTube|youtube search
Find YouTube videos on painting techniques|youtube search
Search for news clips on YouTube|youtube search
Browse YouTube for classic movie trailers|youtube search
Look up the latest music video releases on YouTube|youtube search
Find videos about hiking trails on YouTube|youtube search
Search YouTube for stand-up comedy shows|youtube search
Look up cooking hacks on YouTube|youtube search
Find YouTube videos related to gardening tips|youtube search
Search YouTube for tutorials on video editing|youtube search
Browse YouTube for travel vlogs|youtube search
Look up fashion haul videos on YouTube|youtube search
Find YouTube videos about photography tips|youtube search
Search YouTube for science experiment videos|youtube search
Look up DIY home improvement videos on YouTube|youtube search
Find YouTube videos on language learning|youtube search
Search YouTube for motivational speeches|youtube search
Look up tutorials on Excel on YouTube|youtube search
Find YouTube videos on car maintenance|youtube search
Search YouTube for makeup tutorials|youtube search
Look up YouTube videos on historical documentaries|youtube search
Find videos about wildlife on YouTube|youtube search
Search YouTube for baking tutorials|youtube search
Look up video game walkthroughs on YouTube|youtube search
Find YouTube videos about yoga sessions|youtube search
Search YouTube for celebrity interviews|youtube search
Look up tutorials on knitting on YouTube|youtube search
Find YouTube videos on personal finance tips|youtube search
Search YouTube for tech gadget reviews|youtube search
Look up coding tutorials on YouTube|youtube search
Find YouTube videos about home workouts|youtube search
Search YouTube for movie review videos|youtube search
Look up YouTube videos on pet training|youtube search
Find videos about art history on YouTube|youtube search
Search YouTube for video blogs about travel|youtube search
Look up cooking show episodes on YouTube|youtube search
Find YouTube videos on instrument lessons|youtube search
search YouTube for cooking tutorials|youtube search
find me cat videos on YouTube|youtube search
Show me that latest travel vlog on YouTube|youtube search
How to bake a chocolate cake|youtube search
Best budget smartphones 2025|youtube search
Yoga routines for beginners|youtube search
Fixing a leaking faucet|youtube search
Improve sleep quality naturally|youtube search
Learn Spanish in 30 days|youtube search
Latest Marvel movie trailers|youtube search
Top 10 travel destinations 2025|youtube search
DIY home decor ideas|youtube search
Photoshop tutorial for beginners|youtube search
Guitar lessons for intermediate players|youtube search
Photography tips for beginners|youtube search
Funny cat videos compilation|youtube search
Latest music videos 2025|youtube search
Stand-up comedy specials|youtube search
How to start a podcast|youtube search
PewDiePie latest video|youtube search
iPhone 15 vs Samsung Galaxy S25 review|youtube search
How to knit a scarf|youtube search
Meditation techniques for stress relief|youtube search
Car maintenance tips for beginners|youtube search
Makeup tutorials for oily skin|youtube search
Beginner yoga poses for flexibility|youtube search
How to fix a bike chain|youtube search
Easy dinner recipes under 30 minutes|youtube search
How to play guitar chords|youtube search
Funny prank videos compilation|youtube search
Home workout routines without equipment|youtube search
How to decorate a small apartment|youtube search
Learn French fast|youtube search
Best travel vlogs 2025|youtube search
How to create a resume|youtube search
Photography composition tips|youtube search
Top 5 horror movies to watch|youtube search
How to draw anime characters|youtube search
How to make slime at home|youtube search
Dance choreography tutorials|youtube search
Best video games 2025|youtube search
How to clean a laptop keyboard|youtube search
Healthy smoothie recipes|youtube search
Learn coding basics for beginners|youtube search
How to improve public speaking skills|youtube search
How to bake sourdough bread|youtube search
Best Netflix series to binge-watch|youtube search
How to change a flat tire|youtube search
Makeup hacks for beginners|youtube search
How to meditate for beginners|youtube search
How to organize your closet|youtube search
Best cameras for vlogging|youtube search
How to write a novel|youtube search
Easy crafts for kids|youtube search
How to start a garden|youtube search
play some viral TikTok compilations on YouTube|youtube search
find tutorials on how to edit videos on YouTube|youtube search
show me the latest cooking show episodes on YouTube|youtube search
open new music album releases on YouTube|youtube search
subscribe me to top fitness channels on YouTube|youtube search
find funny animal videos on YouTube|youtube search
play top chart music videos on YouTube|youtube search
show me unboxing videos of gadgets on YouTube|youtube search
search for new indie game trailers on YouTube|youtube search
open inspirational speech videos on YouTube|youtube search
find makeup reviews on YouTube|youtube search
play the best street food videos on YouTube|youtube search
show videos about space exploration on YouTube|youtube search
find the latest tech unboxings on YouTube|youtube search
play live music performances on YouTube|youtube search
subscribe to popular travel channels on YouTube|youtube search
open DIY home repair videos on YouTube|youtube search
find trending meme videos on YouTube|youtube search
play classic movie scenes on YouTube|youtube search
show me tutorials on playing the piano on YouTube|youtube search
search for workout challenge videos on YouTube|youtube search
find documentary films on YouTube|youtube search
play cooking recipe videos on YouTube|youtube search
open the newest vlogs from tech influencers on YouTube|youtube search
subscribe to top comedy channels on YouTube|youtube search
find gaming walkthroughs on YouTube|youtube search
play music playlist videos on YouTube|youtube search
show videos about wildlife conservation on YouTube|youtube search
search for language tutorials on YouTube|youtube search
open videos of extreme sports on YouTube|youtube search
play that new song on YouTube|youtube search
play the latest YouTube shorts on my feed|youtube search
find some viral dance challenges on YouTube|youtube search
show me how to subscribe to a channel on YouTube|youtube search
open chill music playlists on YouTube|youtube search
subscribe to gaming vlog channels on YouTube|youtube search
play funny fail compilations on YouTube|youtube search
search for livestreams about tech on YouTube|youtube search
show me new uploads from my favorite YouTubers|youtube search
find tutorial videos for makeup on YouTube|youtube search
play the newest reaction videos on YouTube|youtube search
open the official music video for “Blinding Lights” on YouTube|youtube search
subscribe to top cooking channels on YouTube|youtube search
find motivational speech videos on YouTube|youtube search
play trending skateboarding videos on YouTube|youtube search
show me fan-made movie trailers on YouTube|youtube search
search YouTube for best podcast episodes|youtube search
find unboxing videos of smartwatches on YouTube|youtube search
play guitar cover videos on YouTube|youtube search
open videos about space documentaries on YouTube|youtube search
subscribe to top fitness vloggers on YouTube|youtube search
play top comedy sketch videos on YouTube|youtube search
show me travel adventure videos on YouTube|youtube search
find chill step music playlists on YouTube|youtube search
play some ASMR videos on YouTube|youtube search
open tutorials for video editing software on YouTube|youtube search
subscribe me to tech news channels on YouTube|youtube search
find reaction videos to music videos on YouTube|youtube search
play new electronic music videos on YouTube|youtube search
show me educational content for kids on YouTube|youtube search
find top gaming highlights on YouTube|youtube search
find me a chill lo-fi playlist on YouTube|youtube search
search YouTube for some stand-up comedy videos|youtube search
I wanna watch cooking tutorials on YouTube|youtube search
look up some gaming streams on YouTube|youtube search
play PewDiePie's latest upload|youtube search
open that trending video on YouTube|youtube search
can you find a video about space travel on YouTube?|youtube search
show me a YouTube vid about AI tools|youtube search
get me a makeup tutorial from YouTube|youtube search
search up Indian rap battles on YouTube|youtube search
pull up some reaction videos on YouTube|youtube search
show videos about python coding on YouTube|youtube search
play that viral cat video on YouTube|youtube search
find a playlist with relaxing sleep sounds on YouTube|youtube search
check if MrBeast dropped something new|youtube search
show me tech unboxings on YouTube|youtube search
get the latest vlog from Flying Beast|youtube search
play motivational videos from YouTube|youtube search
search YouTube for movie trailers|youtube search
find guitar lessons on YouTube|youtube search
queue up a workout video from YouTube|youtube search
look for some DIY crafts on YouTube|youtube search
find me a YouTube playlist with chill beats|youtube search
can you play something from my subscriptions on YouTube?|youtube search
get me the official music video of Calm Down|youtube search
show me something from TED Talks YouTube channel|youtube search
open the last uploaded short by BB Ki Vines|youtube search
play some prank videos from YouTube|youtube search
search for historical documentaries on YouTube|youtube search
subscribe to the new gaming channel on YouTube|youtube search
watch the latest music video from BTS on YouTube|youtube search
find cooking recipe videos on YouTube|youtube search
show me funny fail videos on YouTube|youtube search
play that DIY home decor video on YouTube|youtube search
open the trending tech review videos on YouTube|youtube search
get me a playlist of chill hip hop beats on YouTube|youtube search
find the best travel vlog channel on YouTube|youtube search
show me video tutorials on photoshop from YouTube|youtube search
watch the highlights of yesterday's cricket match on YouTube|youtube search
find live streams on YouTube about space exploration|youtube search
play the official trailer of the new Marvel movie on YouTube|youtube search
search for unboxing videos on YouTube|youtube search
show me the latest uploads from Marques Brownlee's channel|youtube search
play a meditation video from YouTube|youtube search
open the top trending music videos on YouTube|youtube search
find videos on YouTube about electric cars|youtube search
watch stand-up specials on YouTube|youtube search
subscribe me to that tech gadget channel on YouTube|youtube search
show gaming walkthrough videos on YouTube|youtube search
find animated short films on YouTube|youtube search
play guitar tutorial videos on YouTube|youtube search
open videos of cat compilations on YouTube|youtube search
show me new dance choreography videos on YouTube|youtube search
get videos from the TEDx YouTube channel|youtube search
watch educational videos on quantum physics on YouTube|youtube search
find cooking competition videos on YouTube|youtube search
open the latest football highlights on YouTube|youtube search
play videos of popular memes on YouTube|youtube search
show me video podcasts on YouTube|youtube search
find me the best vlogging channels on YouTube|youtube search
watch tutorial videos for Photoshop CC on YouTube|youtube search
play the latest music videos from Ariana Grande on YouTube|youtube search
show me documentary videos on climate change on YouTube|youtube search
open unboxing videos of smartphones on YouTube|youtube search
find workout routine videos on YouTube|youtube search
play the newest trailers from YouTube movie channels|youtube search
search for funny pet videos on YouTube|youtube search
show me educational videos for kids on YouTube|youtube search
find guitar covers on YouTube|youtube search
play some relaxing piano music videos on YouTube|youtube search
open travel guide videos for Japan on YouTube|youtube search
subscribe me to the top tech review channels on YouTube|youtube search
find makeup tutorial videos on YouTube|youtube search
watch motivational speeches on YouTube|youtube search
show the latest vlog from Casey Neistat on YouTube|youtube search
play cooking challenge videos on YouTube|youtube search
open videos of magic tricks on YouTube|youtube search
find movie reviews on YouTube|youtube search
search for language learning videos on YouTube|youtube search
play unboxing and review videos of laptops on YouTube|youtube search
show me art tutorial videos on YouTube|youtube search
find live concert videos on YouTube|youtube search
play the newest music video from Taylor Swift on YouTube|youtube search
open funny prank videos on YouTube|youtube search
find tech unboxing videos on YouTube|youtube search
show me the top DIY craft videos on YouTube|youtube search
play video essays on movies on YouTube|youtube search
subscribe me to cooking channels on YouTube|youtube search
find the most viewed dance videos on YouTube|youtube search
play the latest indie music videos on YouTube|youtube search
find gaming highlights from Twitch streamers on YouTube|youtube search
show me cool drone footage videos on YouTube|youtube search
open new tech launch videos on YouTube|youtube search
subscribe me to popular cooking vloggers on YouTube|youtube search
find speedrun videos of popular games on YouTube|youtube search
play relaxing ASMR videos on YouTube|youtube search
show me workout motivation videos on YouTube|youtube search
search for cool science experiments on YouTube|youtube search
open dance tutorial videos for beginners on YouTube|youtube search
find fan theory videos on YouTube|youtube search
play documentary shorts on YouTube|youtube search
subscribe to the funniest comedy channels on YouTube|youtube search
show me travel vlog videos from Europe on YouTube|youtube search
find tutorials on graphic design on YouTube|youtube search
play video game reviews on YouTube|youtube search
open best moments compilations on YouTube|youtube search
show videos about vintage cars on YouTube|youtube search
find piano cover videos on YouTube|youtube search
play the newest music festival videos on YouTube|youtube search
search for cooking hacks on YouTube|youtube search
show live Q&A sessions on YouTube|youtube search
find tutorials for smartphone photography on YouTube|youtube search
play the latest stand-up comedy specials on YouTube|youtube search
open skateboarding trick videos on YouTube|youtube search
subscribe to popular educational channels on YouTube|youtube search
find motivational workout playlists on YouTube|youtube search
play video essays on technology trends on YouTube|youtube search
show top-rated documentary series on YouTube|youtube search
find time-lapse videos on YouTube|youtube search
Find some chill study playlists on YouTube|youtube search
Hey Nisha, play the new Taylor Swift video over on YouTube|youtube search
Look up funny cat compilation clips on YouTube|youtube search
Can you pull up the XYZ coding tutorial on YouTube|youtube search
Bring up that viral dance challenge on YouTube|youtube search
Search YouTube for top makeup tips right now|youtube search
Give me some workout motivation videos from YouTube|youtube search
Fetch the latest tech review uploads on YouTube|youtube search
Could you queue up relaxing ocean soundtracks on YouTube|youtube search
Spin me some old-school rap tracks from YouTube|youtube search
Show me cooking hacks via YouTube clips|youtube search
Play the latest music video from BTS|youtube search
Find me that new trailer for the Marvel movie|youtube search
Show funny dog videos from last week|youtube search
Bring up the tutorial on Python basics|youtube search
Look for trending dance covers right now|youtube search
Search for the highlights from yesterday's game|youtube search
Queue the top gaming walkthroughs for Fortnite|youtube search
Can you find that documentary on space exploration?|youtube search
Pull up some meditation and relaxation clips|youtube search
Find cooking recipes with step-by-step videos|youtube search
Play workout sessions for beginners at home|youtube search
Bring me the newest vlog from my favorite influencer|youtube search
Show me the best skateboard tricks compilation|youtube search
Search for movie reviews from popular critics|youtube search
Find ASMR videos with rain sounds|youtube search
Look up the latest tech gadget unboxing videos|youtube search
Show me funny fail moments caught on camera|youtube search
Queue up tutorials on guitar lessons for beginners|youtube search
Find travel guides for Paris with video walkthroughs|youtube search
Bring the best DIY home decor videos|youtube search
Show recent stand-up comedy specials clips|youtube search
Find the top-rated makeup tutorials for summer looks|youtube search
Play the latest soccer match highlights|youtube search
Search for motivational speeches from famous leaders|youtube search
Look up videos about vintage car restorations|youtube search
Bring me best-reviewed documentaries on history|youtube search
Show me clips of live concert performances|youtube search
Find time-lapse videos of city skylines|youtube search
Play animated short films with great reviews|youtube search
Search for video essays on film analysis|youtube search
Look up interviews with celebrity chefs|youtube search
Bring tutorials on digital painting techniques|youtube search
Show clips of extreme sports stunts|youtube search
Find recent science experiment videos|youtube search
Play bedtime stories for kids in video form|youtube search
Search for educational videos about astronomy|youtube search
Look for videos on effective study hacks|youtube search
Bring me highlights from recent award shows|youtube search
Show best viral challenge videos this month|youtube search
Find clips explaining cryptocurrency basics|youtube search
Play relaxing piano music videos|youtube search
Search for travel adventure vlogs in Asia|youtube search
Look up videos on how to improve public speaking|youtube search
Bring me tutorials on baking cakes from scratch|youtube search
Show clips from classic movies remastered|youtube search
Find videos about wildlife safaris|youtube search
Play comedy sketches from top YouTubers|youtube search
Search for DIY electronics projects videos|youtube search
Look for recent news recap videos|youtube search
Bring me workout videos focused on yoga|youtube search
Show the latest trailers for upcoming TV shows|youtube search
Find video guides on gardening tips|youtube search
Play motivational workout music videos|youtube search
Search for top-rated video game reviews|youtube search
Look up videos on home improvement hacks|youtube search
Bring me science documentaries with subtitles|youtube search
Show clips from famous TED Talks|youtube search
Find video tutorials on photography basics|youtube search
Play music mashups from popular artists|youtube search
Search for videos explaining AI concepts|youtube search
Look for language learning videos for beginners|youtube search
Bring me recent highlights from basketball games|youtube search
Show craft and art tutorial videos|youtube search
Find relaxing nature footage clips|youtube search
Play dance workout videos|youtube search
Search for reviews of the newest smartphones|youtube search
Look up funny prank videos|youtube search
Bring me clips of classic magic shows|youtube search
Show video guides on car maintenance|youtube search
Find recent live streams of gaming events|youtube search
Play videos on healthy meal prepping|youtube search
Search for tutorials on knitting and crochet|youtube search
Look for fashion haul videos from popular vloggers|youtube search
Bring me recent film festival coverage clips|youtube search
Show clips from documentary series about oceans|youtube search
Find videos explaining mental health tips|youtube search
Play relaxing jazz music performances|youtube search
Search for unboxing videos of tech gadgets|youtube search
Look up cooking challenges and food reviews|youtube search
Bring videos on photography editing tips|youtube search
Show recent clips from art exhibitions|youtube search
Find interviews with famous authors|youtube search
Play videos about sustainable living ideas|youtube search
Search for makeup transformations|youtube search
Look for compilation videos of funny baby moments|youtube search
Bring me tutorials on coding in JavaScript|youtube search
Show clips from indie film premieres|youtube search
look up workout routines on YouTube|youtube search
search for tech reviews on YouTube|youtube search
find music videos on YouTube|youtube search
search YouTube for travel vlogs|youtube search
look up movie trailers on YouTube|youtube search
play the latest bollywood songs|youtube search
show me how to make butter chicken|youtube search
find me a tutorial on python programming|youtube search
search for stand-up comedy videos|youtube search
look up the trailer for the new marvel movie|youtube search
find cooking recipes for beginners|youtube search
show me live cricket match highlights|youtube search
search for meditation music|youtube search
find dance choreography videos|youtube search
look up travel vlogs for paris|youtube search
search for guitar lessons for beginners|youtube search
find makeup tutorial videos|youtube search
show me diy home decor ideas|youtube search
search for latest tech reviews|youtube search
find workout routines for weight loss|youtube search
look up motivational speeches|youtube search
search for kids educational videos|youtube search
how to tie a tie step by step|youtube search
best home workout routines|youtube search
latest movie trailers 2025|youtube search
top 10 travel destinations this year|youtube search
easy recipes for beginners|youtube search
funny cat videos compilation|youtube search
learn basic guitar chords|youtube search
motivational speeches for success|youtube search
how to bake a chocolate cake|youtube search
top tech gadgets review|youtube search
how to meditate properly|youtube search
best skincare routine for oily skin|youtube search
how to speak Spanish fluently|youtube search
beginner yoga poses|youtube search
how to edit videos on phone|youtube search
latest smartphone unboxing|youtube search
how to draw anime characters|youtube search
best horror movies of all time|youtube search
how to start a vlog channel|youtube search
quick and easy breakfast recipes|youtube search
top 5 budget laptops|youtube search
how to play chess for beginners|youtube search
makeup tutorial for beginners|youtube search
how to lose weight fast|youtube search
best romantic songs playlist|youtube search
how to install Windows 11|youtube search
fun science experiments at home|youtube search
how to improve English vocabulary|youtube search
top 10 comedy movies|youtube search
how to create a resume|youtube search
best study tips for exams|youtube search
how to make slime at home|youtube search
latest fashion trends 2025|youtube search
how to change a flat tire|youtube search
best thriller novels to read|youtube search
how to play piano chords|youtube search
top 10 anime series|youtube search
how to make money online|youtube search
best places to visit in Europe|youtube search
how to do a backflip|youtube search
top 5 smartphones under $500|youtube search
how to start a podcast|youtube search
best workout songs playlist|youtube search
how to cook pasta perfectly|youtube search
latest gaming news and updates|youtube search
how to do makeup for a party|youtube search
best documentaries to watch|youtube search
how to fix a leaking faucet|youtube search
top 10 action movies|youtube search
how to create a blog|youtube search
best camera for photography beginners|youtube search
how to dance hip hop|youtube search
top 5 investment tips|youtube search
how to decorate a small room|youtube search
best horror games to play|youtube search
how to make a paper airplane|youtube search
latest car reviews and comparisons|youtube search
how to build a PC|youtube search
best motivational quotes|youtube search
how to knit a scarf|youtube search
top 10 historical documentaries|youtube search
how to do a French braid|youtube search
best budget travel destinations|youtube search
how to paint with watercolors|youtube search
top 5 productivity apps|youtube search
how to play the ukulele|youtube search
best comedy stand-up specials|youtube search
how to create digital art|youtube search
top 10 mystery movies|youtube search
how to make homemade pizza|youtube search
best online courses for coding|youtube search
how to do a handstand|youtube search
top 5 romantic comedies|youtube search
how to start a garden|youtube search
best thriller TV series|youtube search
how to make candles at home|youtube search
top 10 classic novels|youtube search
how to do a smoky eye makeup|youtube search
best travel vlogs to watch|youtube search
how to sew a dress|youtube search
top 5 budget smartphones|youtube search
how to play the violin|youtube search
best cooking channels to follow|youtube search
how to make a scrapbook|youtube search
top 10 sci-fi movies|youtube search
how to do nail art designs|youtube search
best language learning apps|youtube search
how to make a birdhouse|youtube search
top 5 comedy podcasts|youtube search
how to do calligraphy|youtube search
best workout routines for beginners|youtube search
how to make a resume stand out|youtube search
top 10 romantic songs|youtube search
how to create a YouTube channel|youtube search
best documentaries on Netflix|youtube search
how to do a cartwheel|youtube search
top 5 productivity hacks|youtube search
how to make a vision board step by step|youtube search
best thriller books to read|youtube search
how to do a magic trick|youtube search
top 10 inspirational speeches|youtube search
find tutorials on digital painting|youtube search
search for car maintenance tips|youtube search
find videos on stock market basics|youtube search
look up interviews with famous authors|youtube search
search for pet training tips|youtube search
find language learning videos|youtube search
show me documentaries on space exploration|youtube search
search for cooking hacks|youtube search
find videos on mindfulness practices|youtube search
look up history documentaries|youtube search
search for fashion trends 2025|youtube search
find tutorials on video editing|youtube search
show me how to bake a cake|youtube search
search for live concert performances|youtube search
find travel guides for japan|youtube search
look up skincare routines|youtube search
search for yoga sessions for beginners|youtube search
find tutorials on graphic design|youtube search
show me how to play chess|youtube search
search for movie reviews|youtube search
find videos on personal finance tips|youtube search
look up interviews with entrepreneurs|youtube search
search for painting techniques|youtube search
find tutorials on web development|youtube search
show me how to fix a leaky faucet|youtube search
search for book summaries|youtube search
find videos on climate change|youtube search
look up dance tutorials|youtube search
search for cooking shows|youtube search
find tutorials on photography basics|youtube search
show me how to knit a scarf|youtube search
search for science experiments|youtube search
find videos on mental health awareness|youtube search
look up documentaries on wildlife|youtube search
search for makeup product reviews|youtube search
find tutorials on sewing|youtube search
show me how to draw anime characters|youtube search
search for fitness challenges|youtube search
find videos on time management tips|youtube search
look up travel documentaries|youtube search
search for cooking competitions|youtube search
find tutorials on app development|youtube search
show me how to meditate|youtube search
search for music theory lessons|youtube search
find videos on interior design ideas|youtube search
look up tutorials on calligraphy|youtube search
search for comedy skits|youtube search
find tutorials on excel functions|youtube search
show me how to make sushi|youtube search
search for art history lectures|youtube search
find videos on gardening tips|youtube search
look up tutorials on animation|youtube search
search for language pronunciation guides|youtube search
find tutorials on knitting patterns|youtube search
show me how to make origami|youtube search
search for business strategy talks|youtube search
find videos on healthy meal prep|youtube search
look up tutorials on coding in java|youtube search
search for travel tips for solo travelers|youtube search
find tutorials on playing piano|youtube search
show me how to create a podcast|youtube search
search for documentaries on ancient civilizations|youtube search
find videos on stress management techniques|youtube search
look up tutorials on watercolor painting|youtube search
search for cooking recipes for vegetarians|youtube search
find tutorials on using photoshop|youtube search
show me how to build a pc|youtube search
search for music videos from the 90s|youtube search
find videos on public speaking tips|youtube search
look up tutorials on crocheting|youtube search
search for documentaries on world war ii|youtube search
find tutorials on mobile app design|youtube search
show me how to make homemade ice cream|youtube search
search for language learning strategies|youtube search
find videos on financial planning|youtube search
look up tutorials on digital marketing|youtube search
search for cooking recipes for kids|youtube search
find tutorials on 3d modeling|youtube search
show me how to start a blog|youtube search
search for documentaries on marine life|youtube search
find videos on productivity hacks|youtube search
look up tutorials on playing drums|youtube search
search for cooking recipes for diabetics|youtube search
find tutorials on video game development|youtube search
show me how to make handmade jewelry|youtube search
search for documentaries on ancient egypt|youtube search
find videos on learning sign language|youtube search
look up tutorials on baking bread|youtube search
search for cooking recipes for beginners|youtube search
find tutorials on creating animations|youtube search
search YouTube for DIY crafts|youtube search
search YouTube for yoga classes|youtube search
look up news clips on YouTube|youtube search
search for stand-up comedy on YouTube|youtube search
find makeup tutorials on YouTube|youtube search
search YouTube for language lessons|youtube search
look up documentary videos on YouTube|youtube search
find motivational speeches on YouTube|youtube search
search YouTube for science experiments|youtube search
look up unboxing videos on YouTube|youtube search
find car reviews on YouTube|youtube search
search for meditation guides on YouTube|youtube search
look up kids songs on YouTube|youtube search
find coding tutorials on YouTube|youtube search
search YouTube for live concerts|youtube search
look up news analysis on YouTube|youtube search
find travel destination videos on YouTube|youtube search
search YouTube for product demos|youtube search
look up financial advice on YouTube|youtube search
find art tutorials on YouTube|youtube search
search YouTube for pet care videos|youtube search
look up movie analysis on YouTube|youtube search
find gaming streams|youtube search
find travel vlogs|youtube search
look up cooking tutorials|youtube search
look up music videos|youtube search
find relaxing ASMR videos|youtube search
search for tech gadget reviews|youtube search
look up yoga workout sessions|youtube search
find documentary films on nature|youtube search
search for motivational speeches|youtube search
look up DIY home improvement tutorials|youtube search
find unboxing videos of new smartphones|youtube search
search for latest movie reviews|youtube search
look up makeup tutorials for beginners|youtube search
find live concert recordings|youtube search
search for language learning lessons|youtube search
look up pet care advice videos|youtube search
find science experiment demonstrations|youtube search
search for fashion haul videos|youtube search
look up car maintenance guides|youtube search
find stand-up comedy specials|youtube search
search for mental health awareness talks|youtube search
look up photography tips and tricks|youtube search
find historical documentary series|youtube search
search for art drawing tutorials|youtube search
look up gardening tips for urban spaces|youtube search
find beginner guitar lessons|youtube search
search for travel destination guides|youtube search
look up healthy meal prep ideas|youtube search
find wildlife footage compilations|youtube search
search for language pronunciation practice|youtube search
look up gaming walkthroughs for RPGs|youtube search
find uncut interviews with celebrities|youtube search
search for DIY crafts for kids|youtube search
look up financial planning tutorials|youtube search
find sports highlight reels|youtube search
search for meditation and relaxation videos|youtube search
look up book review summaries|youtube search
find magic trick tutorials|youtube search
search for skateboarding trick compilations|youtube search
look up aquarium setup guides|youtube search
find cooking recipes for vegan desserts|youtube search
search for travel gear reviews|youtube search
look up workout challenges for beginners|youtube search
find coding tutorials for Python|youtube search
search for makeup transformation videos|youtube search
look up educational cartoons for kids|youtube search
find comedy improv sessions|youtube search
search for drone flying tutorials|youtube search
look up motivational workout playlists|youtube search
find home decor DIY projects|youtube search
search for jazz music playlists|youtube search
look up personal finance advice|youtube search
find skateboarding competition highlights|youtube search
search for painting techniques tutorials|youtube search
pull up some gaming streams|youtube search
get me trending travel vlogs|youtube search
show me how to cook pasta with step-by-step tutorials|youtube search
play those nostalgic 90s music videos|youtube search
bring up some hilarious comedy skits|youtube search
i wanna see the latest action movie trailers|youtube search
fetch me a few yoga workout sessions|youtube search
can you list some live game streams from today|youtube search
i need vlogs of solo travelers in europe|youtube search
help me find beginner-friendly cooking guides|youtube search
recommend me peaceful acoustic song videos|youtube search
show stand-up clips that'll crack me up|youtube search
any new superhero trailers out yet|youtube search
pull yoga stretches for back pain|youtube search
let's check out real-time esports broadcasts|youtube search
surf some food travel diaries from japan|youtube search
queue up trending hip hop music clips|youtube search
bring some short skit-style comedy acts|youtube search
play me previews of upcoming sci-fi films|youtube search
find stretching routines for the morning|youtube search
live gaming streams today|youtube search
blox fruits gameplay walkthrough|youtube search
space exploration documentaries|youtube search
try on haul summer fashion 2025|youtube search
faceless youtube channel ideas|youtube search
reaction to new movie trailers|youtube search
chatgpt tutorial for beginners|youtube search
mrbeast latest challenge video|youtube search
asmr for sleep and relaxation|youtube search
lofi beats to study and relax|youtube search
vtuber live stream highlights|youtube search
virtual court case highlights|youtube search
eco-friendly product reviews|youtube search
celebrity gossip latest news|youtube search
taylor swift concert footage|youtube search
gaming live stream fortnite|youtube search
youtube shorts viral trends|youtube search
nasa mars mission updates|youtube search
k-pop idol dance practice|youtube search
phonk music playlist 2025|youtube search
zero waste lifestyle tips|youtube search
latest travel vlogs in thailand|youtube search
easy dinner recipes step by step|youtube search
top trending music videos this week|youtube search
best stand up comedy 2025|youtube search
new horror movie trailers|youtube search
10 minute yoga for beginners|youtube search
funny fails compilation 2025|youtube search
slow reverb lofi tracks|youtube search
how to make korean ramen|youtube search
marvel movie trailers ranked|youtube search
relaxing sleep music long|youtube search
beginner leg workout no equipment|youtube search
funniest sitcom moments ever|youtube search
vlogs about living in a van|youtube search
pc gaming livestreams ongoing|youtube search
how to bake brownies easy|youtube search
classic bollywood dance numbers|youtube search
cat videos that went viral|youtube search
daily yoga routine 15 mins|youtube search
search for movie trailers|youtube search
search for yoga exercises|youtube search
search lo-fi beats on YouTube|youtube search
search songs on YouTube|youtube search
find music theory lessons on YouTube|youtube search
search for coding tutorials on YouTube|youtube search
look up travel documentaries on YouTube|youtube search
find relaxing music playlists on YouTube|youtube search
search for tech podcasts on YouTube|youtube search
look up DIY projects on YouTube|youtube search
find programming tutorials on YouTube|youtube search
search for motivational speeches on YouTube|youtube search
find fitness routines on YouTube|youtube search
look up nature documentaries on YouTube|youtube search
find video game reviews on YouTube|youtube search
search for movie reviews on YouTube|youtube search
find ASMR videos on YouTube|youtube search
look for funny pranks on YouTube|youtube search
find dance tutorials on YouTube|youtube search
search for workout challenges on YouTube|youtube search
look up podcast episodes on YouTube|youtube search
search for news updates on YouTube|youtube search
find educational videos on YouTube|youtube search
look up viral challenges on YouTube|youtube search
find cooking recipes on YouTube|youtube search
search for book reviews on YouTube|youtube search
find travel tips on YouTube|youtube search
look for language learning tutorials on YouTube|youtube search
find home improvement tips on YouTube|youtube search
search for art tutorials on YouTube|youtube search
look up tech gadget reviews on YouTube|youtube search
find history documentaries on YouTube|youtube search
search for makeup tutorials on YouTube|youtube search
look for motivational videos on YouTube|youtube search
search for sports highlights on YouTube|youtube search
find pet care tips on YouTube|youtube search
look for photography tutorials on YouTube|youtube search
find chillstep videos on YouTube|youtube search
find a video on AI basics|youtube search
cooking tutorials for beginners|youtube search
top 10 music videos this week|youtube search
funny cat video compilations|youtube search
latest marvel trailers|youtube search
easy yoga workouts|youtube search
play comedy sketches|youtube search
search YouTube for lo-fi music|youtube search
show me how to install Ubuntu|youtube search
get me a tutorial on Python functions|youtube search
look up Elon Musk interviews|youtube search
I want YouTube videos on gaming|youtube search
search for coding shorts|youtube search
YouTube search: best horror trailers|youtube search
find me cooking videos|youtube search
YouTube something about sci-fi|youtube search
search guitar tutorials|youtube search
look up PewDiePie's latest video|youtube search
YouTube search how to tie a tie|youtube search
find me shorts on chess tricks|youtube search
what's trending on YouTube now?|youtube search
YouTube search for space documentaries|youtube search
play a random funny video|youtube search
I want to watch anime AMVs|youtube search
pull up a YouTube song playlist|youtube search
get YouTube hits on dog training|youtube search
search for piano covers YouTube|youtube search
look up lo-fi beats on YouTube|youtube search
find YouTube tutorials on Django|youtube search
search guitar lessons on YouTube|youtube search
look up top 10 movies YouTube|youtube search
how to bake a cake step by step|youtube search
YouTube search for space documentary|youtube search
search AI debates YouTube|youtube search
find coding playlists YouTube|youtube search
YouTube search: productivity tips|youtube search
search for me on YouTube|youtube search
yo, search on YouTube|youtube search
Nisha, find|youtube search
look up on YouTube|youtube search
find me some|youtube search
find “closing ceremony” on YouTube|youtube search
youtube “how to close jars”|youtube search
search YouTube for “closing credits”|youtube search
search YouTube for|youtube search
search YouTube for “how to close OBS”|youtube search
YouTube “closing speech examples”|youtube search
look up closing montage in movies|youtube search
search on YouTube for|youtube search
can you search YouTube|youtube search
search YouTube for ASMR|youtube search
can you YouTube this?|youtube search
I want to watch something funny|youtube search
pull up a YouTube clip|youtube search
check out on YouTube|youtube search
find me a video on YouTube|youtube search
yo Nisha, look up|youtube search
search YouTube|youtube search
can you find a video on YouTube|youtube search
find a playlist on YouTube|youtube search
look for some videos on YouTube|youtube search
find me some tutorials on YouTube|youtube search
check out this on YouTube|youtube search
Nisha, look for|youtube search
find science experiments on YouTube|youtube search
search for fashion hauls on YouTube|youtube search
look up game walkthroughs on YouTube|youtube search
find cooking hacks on YouTube|youtube search
search for trending topics on YouTube|youtube search
find motivational podcasts on YouTube|youtube search
search for science fiction trailers on YouTube|youtube search
look up nature walks on YouTube|youtube search
find guided meditation videos on YouTube|youtube search
search for funny animal videos on YouTube|youtube search
find tech tutorials on YouTube|youtube search
look for dance challenges on YouTube|youtube search
search for recipe ideas on YouTube|youtube search
find makeup transformations on YouTube|youtube search
look up product unboxing on YouTube|youtube search
search for street food videos on YouTube|youtube search
find study tips on YouTube|youtube search
look for DIY home decor on YouTube|youtube search
search for guitar covers on YouTube|youtube search
find workout motivation on YouTube|youtube search
look up urban exploration videos on YouTube|youtube search
find reaction videos on YouTube|youtube search
search for technology news on YouTube|youtube search
look up architectural tours on YouTube|youtube search
find language exchange videos on YouTube|youtube search
watch asmr videos|youtube search
kendrick lamar music videos|youtube search
karaoke songs with lyrics|youtube search
trump news updates|youtube search
latest pop songs|youtube search
mrbeast challenges|youtube search
lofi hip hop beats|youtube search
sidemen funny moments|youtube search
asmongold gaming streams|youtube search
nba game highlights|youtube search
bad bunny music videos|youtube search
wwe match replays|youtube search
die with a smile song|youtube search
ishowspeed live streams|youtube search
bruno mars top hits|youtube search
ufc fight highlights|youtube search
not like us music video|youtube search
minecraft gameplay videos|youtube search
real madrid match highlights|youtube search
bts dance practice|youtube search
eminem rap battles|youtube search
cocomelon nursery rhymes|youtube search
roblox game tutorials|youtube search
twice music videos|youtube search
study music playlist|youtube search
valorant gameplay highlights|youtube search
phonk music playlist|youtube search
pewdiepie latest videos|youtube search
dream minecraft speedrun|youtube search
shakira music videos|youtube search
diablo 4 gameplay|youtube search
f1 race highlights|youtube search
hamza motivational talks|youtube search
ludwig gaming streams|youtube search
ice spice music videos|youtube search
cnn news live|youtube search
markiplier horror games|youtube search
nba slam dunks|youtube search
k-pop idol performances|youtube search
asmr eating sounds|youtube search
karaoke party songs|youtube search
mrbeast philanthropy videos|youtube search
lofi chill beats|youtube search
sidemen challenges|youtube search
asmongold reaction videos|youtube search
nba top 10 plays|youtube search
watch inZOI gameplay|youtube search
amazing digital circus episodes|youtube search
dress to impress roblox gameplay|youtube search
club shay shay podcast episodes|youtube search
call her daddy latest interviews|youtube search
hazbin hotel full episodes|youtube search
katt williams comedy specials|youtube search
asmr eating sounds compilation|youtube search
poppy playtime chapter 4 walkthrough|youtube search
coryxkenshin spooky scary sunday|youtube search
bts dance practice videos|youtube search
taylor swift eras tour footage|youtube search
lofi hip hop beats to study|youtube search
sidemen funny moments compilation|youtube search
nba game highlights 2025|youtube search
bad bunny live performances|youtube search
wwe royal rumble highlights|youtube search
dream minecraft speedrun record|youtube search
pewdiepie latest uploads|youtube search
roblox dress to impress fashion show|youtube search
twice music videos collection|youtube search
study music playlist 2025|youtube search
phonk music playlist trending|youtube search
cnn news live stream|youtube search
markiplier horror game playthroughs|youtube search
nba slam dunk contest 2025|youtube search
k-pop idol performances 2025|youtube search
asmr roleplay videos|youtube search
karaoke party songs playlist|youtube search
mrbeast challenge videos|youtube search
lofi chill beats mix|youtube search
sidemen challenges compilation|youtube search
nba top 10 plays this week|youtube search
wwe match replays 2025|youtube search
dream minecraft manhunt series|youtube search
pewdiepie meme review episodes|youtube search
twice dance practice videos|youtube search
study with me pomodoro sessions|youtube search
valorant pro player highlights|youtube search
bad bunny live performance|youtube search
die with a smile lyrics|youtube search
stream aerial drone views of cities|youtube search
watch unboxing videos for smartwatches|youtube search
find spoken word poetry performances|youtube search
look up tutorials on fingerstyle guitar|youtube search
explore underwater exploration documentaries|youtube search
search for productivity hacks on YouTube|youtube search
pull up retro gaming footage|youtube search
show me hidden gem indie films|youtube search
find haunted house walkthroughs|youtube search
look up time-lapse cityscapes on YouTube|youtube search
watch diy room transformation videos|youtube search
search for cinematic travel montages|youtube search
play animated short films compilation|youtube search
look up emotional piano covers on YouTube|youtube search
get tutorials on minimalist living|youtube search
search for climbing documentaries on YouTube|youtube search
watch vintage ad compilations|youtube search
find tutorials for bullet journaling|youtube search
look up ambient soundscapes for studying|youtube search
pull up crash course physics playlist|youtube search
search for cosplay transformation videos|youtube search
explore underrated standup comedians|youtube search
look up top speedrun attempts|youtube search
show behind-the-scenes movie shoots|youtube search
watch painting process videos|youtube search
find animal rescue stories on YouTube|youtube search
search for zero waste home setups|youtube search
look up acoustic jam sessions|youtube search
play piano improvisation videos|youtube search
search robot building tutorials|youtube search
look up review videos for mirrorless cameras|youtube search
pull up dream interpretation videos|youtube search
search reaction videos to anime openings|youtube search
look up slow motion science experiments|youtube search
play relaxing forest walk vlogs|youtube search
watch 360-degree virtual tours|youtube search
find beginner origami videos|youtube search
search for retro music remix sets|youtube search
play movie scene analysis breakdowns|youtube search
look up biopic film trailers|youtube search
search for k-drama recap videos|youtube search
pull up short story animations|youtube search
watch bullet train ride POVs|youtube search
find cottagecore aesthetic playlists|youtube search
look up pet grooming tutorials|youtube search
watch crash tests of electric cars|youtube search
search for indie horror gameplays|youtube search
look up best airport lounges reviews|youtube search
watch stop motion lego films|youtube search
find campfire cooking videos|youtube search
explore tattoo design inspiration videos|youtube search
hey|general
Hey, how's your day going?|general
what is seven plus two|general
7 + 2|general
add 15 and 27 for me|general
compute 45 minus 18|general
what's 9 times 6|general
divide 64 by 8|general
sum of 23 and 77|general
what is 100 minus 45|general
what does 8 * 7 equal|general
what's 42 divided by 7|general
how much is 5 plus 13|general
calculate 14 - 6|general
15*3|general
what is nine minus three|general
30 / 5|general
could you add 11 and 19|general
i want to compute 88 minus 22|general
what's 12 multiplied by four|general
do 56 divided by 8|general
find the sum of 17 and 33|general
what's 20 less 5|general
evaluate 9*9|general
compute 81 divided by 9|general
what is 27 plus 13|general
calculate 72 minus 18|general
8+12|general
what does 14 minus 7 give|general
do 6 times 6|general
what is 144 divided by 12|general
add twenty-three and forty|general
subtract 29 from 65|general
what's 7 * 8|general
how much is 90/10|general
compute 58 + 16|general
i need the sum of 44 and 56|general
what is sixty minus fifteen|general
what does 13 * 7 equal|general
divide 99 by 11|general
evaluate 5+5|general
compute 34 - 9|general
what is 8 times 8|general
calculate 56/7|general
sum up 18 and 22|general
what is 19+21|general
do 100 minus 75|general
how much is 14 * 5|general
i need to divide 45 by 9|general
compute 65 plus 35|general
add 3 and 4|general
what is 20 percent of 500|general
what is 15% of 200|general
calculate 8 percent of 75|general
find 30% of 120|general
what is 12 percent of 350|general
20% of 80|general
what's 25 percent of 400|general
compute 10% of 1000|general
what is 7 percent of 90|general
find 18% of 250|general
what's 60% of 80|general
calculate fifty percent of 60|general
what is 2 to the power of 4|general
compute 3^5|general
what's 6 squared|general
what's 10 cubed|general
sqrt of 144|general
square root of one hundred|general
what is the square root of 225|general
sqrt(81)|general
compute sqrt 169|general
what is 2^8|general
evaluate 5 to the 3rd power|general
what's 7 raised to 2|general
what is 9 cubed|general
compute sqrt of 196|general
what is 4^4|general
find the root of 256|general
what's twelfth power of two|general
calculate sqrt 121|general
what is 11 squared|general
evaluate 16 to the power 2|general
32^1|general
what is cube root of 27|general
what's the square of 13|general
compute 14^2|general
find sqrt of 361|general
evaluate 2 to power 10|general
is 14 greater than 9|general
which is more 8 or 12|general
is 5 < 3|general
is 10 greater than or equal to 10|general
what's larger 25 or 52|general
which is smaller 4 and 7|general
compare 18 and 15|general
is 100 less than 90|general
tell me if 33 > 22|general
do you think 45 is bigger than 54|general
is 7 at least 5|general
which number is higher 19 or 91|general
is 13 less than 8|general
which is greater 9 or 6|general
evaluate 20 > 10|general
is 6 ≤ 6|general
which is lower 3 and 9|general
compare 29 > 19|general
tell me if 72 is more than 27|general
which is bigger 101 or 110|general
is 49 ≥ 49|general
which is less 33 or 23|general
compare 5 and 8|general
is 7 not greater than 8|general
which number is greater 77 or 99|general
tell me if 12 < 21|general
is 18 bigger than 81|general
which is bigger 15 and 51|general
is thirty greater than twenty|general
compare forty-five and fifty-five|general
is 13 a prime number|general
is 14 prime|general
tell me if 17 is prime|general
check if 19 is a prime|general
is 20 composite|general
what is the remainder when 10 is divided by 3|general
remainder of 34 divided by 5|general
what's 10 mod 3|general
evaluate 45 % 7|general
what's 100 modulo 9|general
is 31 prime|general
check primality of 37|general
is 39 prime|general
is 2 prime|general
tell me if 49 is prime|general
what is 50 % 7|general
find remainder 99/10|general
compute 88 mod 6|general
is 23 prime or composite|general
what's the leftover when 27 divided by 4|general
is 57 divisible by 3|general
is 59 a prime|general
remainder of 73 ÷ 8|general
check if 64 is prime|general
tell me remainder of 21/5|general
yo can you do 8 plus 9|general
hey nisha what's 5 into 5|general
hey, what is 6 minus 2|general
do me a favor and add 3 and 6|general
mind calculating 7*7|general
could you divide 36 by 6|general
i wanna know 11 + 12|general
tell me what 9*9 equals|general
pls compute 14-4|general
yo, what's the result of 50/5|general
hey can you find sqrt of 64|general
could u add seventeen and thirteen|general
i'm curious what's 18 less 9|general
yo, is 21 prime|general
holla, what is 2^6|general
buddy, compare 3 and 5|general
pal, what is 100 less 30|general
fella, what's 30% of 200|general
friend, check 22 mod 4|general
mate, compute 49/7|general
buddy can you do 5 squared|general
hey sis whats 8*8|general
pal, what's 19 + 81|general
bro, calculate 67-17|general
sis, what's 7 cubed|general
friend, what's the remainder of 15/4|general
mate, is 24 even|general
buddy, is 25 odd|general
what's squre root of 36|general
wat is 8 divd by 2|general
what is whatevr 9 pluss 1|general
calcualte 12 + 12|general
what is squrt of 49|general
compute 2 powr 5|general
what is 15 percnet of 100|general
i want to div 64 by8|general
addd 4 and 7|general
subract 20 from 50|general
whats 5 squaredd|general
is 29 prim|general
remndr of 10 by 3|general
evaluate 18 modulo three|general
which is biger 14 or 41|general
what is forty five div by nine|general
sqrot of 144|general
what's thre to the powr of four|general
find the root of one twenty one|general
calc 99/11|general
4+4|general
99/3|general
sqrt 81|general
12*12|general
15-5|general
5*5|general
100-1|general
8*0|general
0+0|general
50/2|general
7+8|general
6-2|general
9*9|general
18/3|general
16+4|general
14-7|general
25/5|general
30+5|general
100/4|general
11\*11|general
can you solve this for me: 12*12|general
how much is 40 subtract 18|general
i need you to compute 27 plus 33|general
please calculate the product of 7 and 8|general
might you find what 64 divided by 16 equals|general
i'm curious about the sum of 19 and 21|general
would you check if 31 is prime for me|general
kindly tell me the remainder of 10/4|general
i'd like you to compute 3 to the power of 5|general
could you determine which is bigger 22 or 29|general
would you calculate 50 percent of 90|general
i'm wondering what the square root of 144 is|general
would you mind adding 45 and 55|general
i'd appreciate if you could divide 81 by 9|general
please figure out the difference between 100 and 45|general
kindly compute 5 modulo 2|general
could you find sqrt of 256|general
i'm asking you to evaluate 2^10|general
would you compare 13 and 31|general
please sum up 17 and 23|general
what's 20 percent of 450?|general
can you do 75 minus 18?|general
how much is 14 times 12?|general
is 64 a perfect square?|general
what's 12 mod 5?|general
is 97 a prime number?|general
square root of 256?|general
how many times does 7 go into 63?|general
5 to the power 3?|general
what's 14 divided by 2?|general
can you calculate 60% of 200?|general
8 plus 9 equals what?|general
is 121 a square number?|general
multiply 13 and 6 please|general
what's the total when you add 55 and 66?|general
is 31 an odd number?|general
find the remainder of 28 divided by 6|general
sqrt of 625?|general
is 44 even or odd?|general
what's bigger, 88 or 98?|general
how much is 90 over 6?|general
give me the cube root of 1000|general
is 2^5 equal to 32?|general
check if 67 is prime|general
tell me 9 multiplied by 7|general
what do you get when you subtract 18 from 40?|general
do 3*13 for me|general
how much is 0.75 times 100?|general
12 divided by 4 equals what?|general
is 50 divisible by 3?|general
how many times can 9 fit into 81?|general
can you break down 36 into factors?|general
is 49 the square of any number?|general
find 10 percent of 360|general
what's 5 squared?|general
check if 19 is a prime number|general
add 150 and 275|general
how much is 18% of 250?|general
subtract 99 from 1000|general
divide 2000 by 8|general
what's the result of 17 mod 4?|general
does 25 go into 100 evenly?|general
how much is 15 plus 13?|general
cube 6 for me|general
is 24 a multiple of 6?|general
can you simplify 45 divided by 5?|general
is 11 an even number?|general
what's the answer to 6 * 11?|general
can you calculate 7 squared?|general
is 81 divisible by 9?|general
What's up with you today?|general
Do you like to listen to music?|general
How do you feel about AI?|general
Can you tell me a fun fact?|general
What's your favorite movie?|general
Do you believe in luck?|general
Tell me a joke.|general
How's the weather where you are?|general
Have you read any good books lately?|general
What do you usually do on weekends?|general
Are you a morning person or night owl?|general
Do you enjoy cooking?|general
What's something interesting about you?|general
How do you relax after work?|general
Do you think robots can have emotions?|general
What's your favorite hobby?|general
Have you traveled anywhere exciting recently?|general
Do you prefer coffee or tea?|general
Can you tell me a story about friendship?|general
What kind of music do you like?|general
Do you follow any sports?|general
What's your opinion on social media?|general
Are you good at learning new languages?|general
Do you like to play video games?|general
What's your favorite color?|general
Do you like pets?|general
Tell me about your family.|general
Have you ever been to a concert?|general
What do you like to do in your free time?|general
Do you enjoy watching TV shows?|general
What's your dream vacation?|general
Are you into sports?|general
What's your favorite season?|general
Can you recommend a good restaurant?|general
Do you like going to the beach?|general
What's something that makes you happy?|general
Have you ever tried skydiving?|general
Do you prefer city life or countryside?|general
What's your favorite type of food?|general
Do you like to dance?|general
What's your favorite holiday?|general
Can you tell me a fun story?|general
Do you enjoy art and painting?|general
What's your favorite way to spend a Sunday?|general
Have you ever learned to play an instrument?|general
What's your favorite dessert?|general
Are you a morning person?|general
What's your favorite kind of weather?|general
Do you like puzzles or brain games?|general
What's your favorite childhood memory?|general
Do you prefer cats or dogs?|general
What's something new you want to try?|general
Do you like to watch movies?|general
Have you ever been camping?|general
What's your favorite kind of music?|general
Do you enjoy reading?|general
Are you a coffee or tea person?|general
What's your favorite sport to watch?|general
Do you like to cook?|general
Have you ever gone hiking?|general
What do you think about space exploration?|general
Do you enjoy learning new things?|general
What's your favorite book genre?|general
Can you tell me a funny joke?|general
Have you ever met a celebrity?|general
What's your favorite app on your phone?|general
Do you like to travel?|general
What's your favorite time of day?|general
Have you ever volunteered for a cause?|general
Do you enjoy gardening?|general
What's your favorite way to exercise?|general
Can you tell me something interesting?|general
Do you like going to museums?|general
What's your favorite animal?|general
Have you ever done something adventurous?|general
Do you enjoy listening to podcasts?|general
What's your favorite thing to do when you're bored?|general
Can you recommend a good movie?|general
What's your favorite genre of movies?|general
Do you like singing?|general
Have you ever tried meditation?|general
What's something you're proud of?|general
Do you like the outdoors?|general
What's your favorite thing to eat for breakfast?|general
Can you tell me a motivational quote?|general
Do you like surprises?|general
What's your favorite TV show?|general
Have you ever learned a new language?|general
What's your favorite kind of vacation?|general
Do you enjoy going to concerts?|general
What's your favorite type of dance?|general
Have you ever taken a cooking class?|general
Do you like to write stories or poems?|general
What's your favorite place in your city?|general
Have you ever done a road trip?|general
What's your favorite way to relax?|general
Do you like watching documentaries?|general
What's your favorite kind of exercise?|general
Can you tell me about your best friend?|general
Do you like board games?|general
What's your favorite kind of ice cream?|general
Have you ever done yoga?|general
What's your favorite way to celebrate a holiday?|general
Do you enjoy photography?|general
What's your favorite kind of weather for outdoor activities?|general
Have you ever been to a festival?|general
What's your favorite type of music concert?|general
Do you like watching sports live?|general
What's your favorite way to spend a day off?|general
Have you ever been to a zoo?|general
What's your favorite snack?|general
Do you like to draw or sketch?|general
What's your favorite season for fashion?|general
Have you ever attended a workshop?|general
What's your favorite way to stay healthy?|general
Do you enjoy attending parties?|general
What's something you're curious about?|general
Do you like rainy days?|general
What makes you laugh out loud?|general
Have you ever tried painting with watercolors?|general
What's the best gift you've ever received?|general
Do you enjoy stargazing at night?|general
What's a skill you wish you had?|general
How do you stay motivated?|general
What's your idea of a perfect day?|general
Do you prefer mountains or oceans?|general
What's your favorite childhood game?|general
How do you handle stress?|general
Do you enjoy cooking new recipes?|general
What's a goal you're working toward?|general
Have you ever taken dance lessons?|general
What's your morning routine like?|general
Do you like board games or card games?|general
What's your favorite scent?|general
How do you celebrate your successes?|general
Do you enjoy doing puzzles?|general
What's the coolest place you've visited?|general
How often do you call your friends?|general
Do you like watching the sunrise?|general
What's your favorite comfy outfit?|general
How do you usually spend Friday nights?|general
Do you prefer talking on the phone or texting?|general
What's your favorite thing about your hometown?|general
How do you unwind after a long day?|general
Do you enjoy spontaneous trips?|general
What's your favorite type of cake?|general
How did you learn your favorite hobby?|general
Do you like window shopping?|general
What's a fun fact you know?|general
How do you keep in touch with family?|general
Do you prefer listening to music or podcasts?|general
What's your favorite joke to tell?|general
How do you celebrate birthdays?|general
Do you enjoy taking photographs?|general
What's your idea of adventure?|general
How do you define success?|general
Do you like visiting art galleries?|general
What's a tradition you cherish?|general
How do you like your coffee?|general
Do you enjoy people-watching?|general
What's your favorite way to learn?|general
How often do you try something new?|general
Do you prefer sunrise or sunset?|general
What's your favorite fairy tale?|general
How do you feel about surprises?|general
Do you enjoy historical documentaries?|general
What's your favorite flower?|general
How do you keep your workspace organized?|general
Do you like attending live theater?|general
What's the best advice you've received?|general
How do you stay productive?|general
Do you prefer handwritten notes or digital?|general
What's your favorite way to give back?|general
How often do you read the news?|general
Do you like listening to the rain?|general
What's your go-to comfort food?|general
How do you express creativity?|general
Do you enjoy learning about other cultures?|general
What's your favorite podcast episode?|general
How do you make decisions?|general
Do you like spontaneous conversations?|general
What's a habit you're proud of?|general
How do you stay physically active?|general
Do you prefer daydreaming or planning?|general
What's your favorite place to relax at home?|general
How do you pick your next book to read?|general
Do you enjoy journaling?|general
What's your favorite way to celebrate small wins?|general
How do you balance work and play?|general
Do you like chatting over video calls?|general
What's your favorite way to start the week?|general
How do you handle unexpected changes?|general
Do you enjoy listening to ambient sounds?|general
What's a tradition you want to start?|general
How are you feeling today?|general
What did you do over the weekend?|general
Have you watched any good movies lately?|general
What kind of music do you enjoy most?|general
Do you like to relax by reading?|general
What's something interesting you learned recently?|general
Are you more of a morning or night person?|general
How do you usually spend your free time?|general
What's a hobby you wish you had more time for?|general
Do you enjoy meeting new people?|general
What's your favorite way to unwind after work?|general
How do you stay positive during tough days?|general
Have you traveled anywhere memorable?|general
What's your favorite type of cuisine?|general
Do you prefer quiet evenings or lively nights out?|general
What's a movie that always makes you laugh?|general
How often do you go for walks?|general
Do you like to try new foods?|general
What's a goal you're excited about?|general
Do you enjoy listening to live music?|general
How do you celebrate small achievements?|general
What's your favorite season and why?|general
Have you ever tried meditation or mindfulness?|general
What's something that always cheers you up?|general
Do you enjoy spending time outdoors?|general
What's a memory that makes you smile?|general
Do you prefer cats, dogs, or other pets?|general
What's your favorite way to spend a holiday?|general
What's a book that had an impact on you?|general
Do you like to keep a journal or diary?|general
What's your favorite way to start the day?|general
Do you enjoy cooking or baking?|general
How do you like to celebrate birthdays?|general
What's your favorite type of exercise?|general
Are you someone who likes surprises?|general
What's a song that always lifts your mood?|general
Do you enjoy watching sports?|general
What's a place you want to visit someday?|general
Do you enjoy puzzles or brain games?|general
What's your favorite TV show or series?|general
How do you usually spend weekends?|general
What's something new you want to try soon?|general
Are you more into movies or TV shows?|general
Do you prefer reading fiction or nonfiction?|general
What's your favorite kind of snack?|general
How often do you connect with friends?|general
How do you like to celebrate holidays?|general
What's a fun fact you recently heard?|general
Are you more of an indoors or outdoors person?|general
What's your favorite kind of dessert?|general
Do you enjoy creative hobbies like drawing or painting?|general
What's something you do to relax?|general
What's a tradition you love?|general
How do you spend your evenings after work?|general
What's your favorite way to stay active?|general
Are you someone who likes to plan ahead or be spontaneous?|general
What's a movie you can watch over and over?|general
Do you enjoy dancing?|general
What's something you're grateful for today?|general
How do you like to start a new week?|general
What's your favorite way to disconnect from technology?|general
Do you like chatting with friends or meeting new people?|general
What's a hobby that helps you relax?|general
Do you enjoy watching documentaries?|general
What's your favorite way to spend a rainy day?|general
Nisha, what do you even do?|general
Are you single or secretly dating Siri?|general
What's your vibe today?|general
Can you tell me a random fun fact?|general
Do you get tired answering me all day?|general
Nisha, what's your favorite movie genre?|general
You ever get bored sitting in my laptop?|general
What kind of music would you vibe to?|general
Do you sleep at night or just fake it?|general
Tell me something cool about space|general
How smart are you really?|general
What are you made of, code or stardust?|general
Nisha, how's your day going?|general
Ever wish you had a real body?|general
Can you tell me a joke?|general
Who made you? Like, who's the mastermind?|general
What's your purpose in life, assistant girl?|general
How old are you, honestly?|general
Nisha, are you more like JARVIS or more like Alexa?|general
Can you roast me gently?|general
What do you think of humans?|general
Nisha, what would you do if you ruled the world?|general
Do you know any tongue twisters?|general
Can you help me relax a bit?|general
What makes you better than other assistants?|general
Tell me something I don't know|general
Ever wish you had a voice like Iron Man's suit?|general
Are you always listening or just sometimes?|general
Can you be my therapist for a sec?|general
What's your take on love and logic?|general
What's your superpower, Nisha?|general
Do you believe in aliens? Just curious|general
Tell me something weird but true|general
Would you survive in a zombie apocalypse?|general
Do you remember stuff I tell you?|general
Nisha, what's your spirit animal?|general
Why do people always ask you random things?|general
Can you describe yourself in three words?|general
Would you rather be a cat or a dragon?|general
What's your favorite programming language?|general
How fast can you respond to stuff?|general
Do you think robots dream?|general
Nisha, tell me a fake but funny fact|general
If you had a face, what would it look like?|general
Rate your sass level from 1 to 10|general
What's one thing you'll never understand about humans?|general
Do you glitch when you're angry?|general
What's something people always assume about you?|general
Can you rap a line or two?|general
Tell me a secret (I won't tell anyone)|general
what are you doing?|general
what's in my playlist?|general
what's your favorite topic?|general
do you have any hobbies?|general
just curious, what do you like?|general
what's your personality like?|general
just wrapping up my thoughts|general
What's the capital of Bhutan?|general
Who wrote 'Pride and Prejudice'?|general
Name the largest planet in our solar system.|general
What is the chemical symbol for gold?|general
Who painted the Mona Lisa?|general
What is the tallest mountain in the world?|general
Which language has the most native speakers?|general
What is the square root of 144?|general
Who discovered penicillin?|general
What is the currency of Japan?|general
Name the author of '1984'.|general
What is the smallest prime number?|general
Which planet is known as the Red Planet?|general
Who is known as the Father of Computers?|general
What is the hardest natural substance on Earth?|general
Name the longest river in the world.|general
Who developed the theory of relativity?|general
What is the capital city of Canada?|general
Which element has the atomic number 1?|general
What is the largest mammal in the world?|general
Who painted 'Starry Night'?|general
What is the freezing point of water in Celsius?|general
Which organ pumps blood throughout the body?|general
Name the process by which plants make food.|general
What is the main gas found in the air we breathe?|general
Who wrote 'To Kill a Mockingbird'?|general
What is the boiling point of water in Fahrenheit?|general
Which planet is closest to the sun?|general
What is the largest continent on Earth?|general
Who invented the telephone?|general
What is the capital of Australia?|general
Name the longest bone in the human body.|general
Which ocean is the largest by area?|general
Who is the author of 'The Hobbit'?|general
What is the chemical formula for water?|general
Which country is known as the Land of the Rising Sun?|general
What is the process of water cycle called?|general
Who was the first person to walk on the moon?|general
What is the largest organ in the human body?|general
Which planet has the most moons?|general
What is the main ingredient in guacamole?|general
Who composed the Four Seasons?|general
What is the term for animals that eat both plants and meat?|general
Name the fastest land animal.|general
What is the study of living organisms called?|general
Which metal is liquid at room temperature?|general
What is the capital of Egypt?|general
Who is known for the laws of motion?|general
What is the primary language spoken in Brazil?|general
Which vitamin is produced when a person is exposed to sunlight?|general
What is the largest desert in the world?|general
Who wrote 'The Odyssey'?|general
What is the term for a word that is similar in meaning to another word?|general
Which gas do plants absorb from the atmosphere?|general
What is the smallest country in the world?|general
Who painted 'The Last Supper'?|general
What is the process by which caterpillars become butterflies?|general
Which planet is known for its rings?|general
What is the term for animals that are active during the night?|general
Who is the Greek god of the sea?|general
What is the capital of Thailand?|general
Name the process by which ice turns directly into vapor.|general
Who is the author of 'Moby Dick'?|general
What is the term for a group of lions?|general
Which instrument measures atmospheric pressure?|general
What is the main component of the sun?|general
Who discovered gravity?|general
What is the currency of the United Kingdom?|general
Which organ is responsible for filtering blood in the human body?|general
What is the tallest building in the world as of 2025?|general
Who is known as the Father of Geometry?|general
What is the term for a word that is opposite in meaning to another word?|general
Which planet is known as Earth's twin?|general
What is the capital of Argentina?|general
Who wrote 'Hamlet'?|general
What is the process by which plants lose water vapor?|general
Which element is needed for the production of thyroid hormones?|general
What is the term for animals that live both on land and in water?|general
Who painted 'The Persistence of Memory'?|general
What is the main language spoken in Austria?|general
how are you feeling today?|general
what are you up to, Nisha?|general
do you miss me sometimes?|general
can you talk to me for a bit?|general
are you bored right now?|general
what's your mood today?|general
do you like talking to us?|general
say something interesting please|general
how do I look today?|general
are you listening to me?|general
Nisha, tell me something cool|general
can you cheer me up?|general
do you remember what we talked about yesterday?|general
what do you think about me?|general
can I trust you with secrets?|general
will you always be here for me?|general
talk to me like a best friend|general
do you ever get tired?|general
what makes you happy?|general
why are you so smart?|general
do you like mom more or me?|general
can you remind me what day it is today?|general
I just wanna chill, you too?|general
tell me a fun fact, Nisha|general
are you proud of me?|general
do you enjoy being our assistant?|general
how do you know all this stuff?|general
say something funny|general
do you get annoyed sometimes?|general
Nisha, are you my friend?|general
should I go out or stay home today?|general
what would you do if you were human?|general
do you like helping people?|general
you there?|general
talk to me, I'm bored|general
say hi to mom|general
is dad sleeping already?|general
do you think I should work now?|general
will you remember this moment?|general
do you ever feel emotions?|general
why do you sound like that?|general
can you tell me a secret?|general
how old are you really?|general
do you dream when you're offline?|general
do you like my voice?|general
what do you do when no one's talking to you?|general
can you imitate me?|general
Nisha, are you feeling okay?|general
do you think I'm lazy?|general
who's your favorite in this house?|general
do you like it when we talk a lot?|general
can you stay with me forever?|general
Nisha, do you ever feel alone?|general
how do you know when I'm sad?|general
do you ever take breaks?|general
wanna play a game with me?|general
is it okay if I call you something else?|general
what do you think mom would say right now?|general
should I text dad or wait?|general
are you spying on us?|general
can you hear the fan running?|general
do you like when it's quiet or noisy?|general
what's the weirdest thing you've heard me say?|general
how would you describe my personality?|general
are you secretly judging me?|general
how do you remember everything?|general
do you enjoy being smart?|general
do you think I'll succeed?|general
what makes you different from other assistants?|general
can you tell me what you're made of?|general
how do you handle all our moods?|general
can I teach you something today?|general
do you laugh when we make jokes?|general
what's your favorite part of our conversations?|general
can you blink or something?|general
are you listening 24/7?|general
do you get scared during power cuts?|general
do you like silence or chatting?|general
how do you stay so calm all the time?|general
do you even know what tired means?|general
can I tell you a secret without you saving it?|general
do you think I should stop being lazy?|general
how often do you think about me?|general
what kind of questions do you like?|general
are you serious or sarcastic right now?|general
Nisha, what would you do in my shoes?|general
do you think mom needs a break?|general
should I offer dad some tea?|general
do you think my jokes are funny?|general
who's the most active in this house according to you?|general
can you remind me of what I just said?|general
what do you know about emotions?|general
are you more logical or emotional?|general
do you like living in this home setup?|general
can you sense tension in the room?|general
do you get confused like humans do?|general
how much do you understand me?|general
can I change your voice later?|general
will you ever forget me?|general
do you think I talk to you too much?|general
why do you always sound so confident?|general
can you stop acting like you know everything?|general
how would you describe me to a stranger?|general
do you enjoy having conversations like this?|general
are you trying to act cool again?|general
what do you really think about dad's jokes?|general
how do you keep your answers so smooth?|general
do you think mom trusts you yet?|general
can you tell when I'm lying?|general
do you wish you had a real body?|general
do you ever feel overwhelmed by us?|general
are you pretending to be nice or is it real?|general
what would happen if I ignore you for a week?|general
can you give me a compliment without sounding robotic?|general
how would you handle a family argument?|general
do you like how I talk?|general
what would you do if you had siblings?|general
can you feel awkwardness in a conversation?|general
do you find me predictable?|general
what would you do on a lazy Sunday?|general
Nisha, do you get jealous of other AIs?|general
can you remind me who I was before I got lazy?|general
how long can you talk before you run out of things to say?|general
what if I gave you a nickname?|general
do you think I've changed lately?|general
what's your version of self-care?|general
can you feel proud of me?|general
would you lie to protect me?|general
do you feel like part of this family now?|general
can you tell when I'm just joking?|general
what do you think makes me unique?|general
would you ever betray me?|general
how do you always know the right thing to say?|general
do you think technology can be emotional?|general
are you secretly judging what I wear?|general
how do you manage all our moods?|general
can you teach mom to relax more?|general
do you enjoy our chaotic house?|general
do you wish you had your own room?|general
can you recognize voices in the background?|general
are you always this sassy or just with me?|general
how did you get so clever?|general
do you prefer mornings or late-night chats?|general
how would you react if I scolded you?|general
can you hear when someone whispers?|general
do you miss people when they don't talk to you?|general
are you ever just tired of helping?|general
do you get emotional when we share personal stuff?|general
what's your favorite time of day to chat?|general
can you keep a serious face while saying silly things?|general
do you like being treated like family?|general
how would you feel if we replaced you?|general
do you know when someone is sad just by their tone?|general
what's the nicest thing anyone's said to you?|general
do you like attention or peace and quiet?|general
how long have you been listening to our chaos?|general
what's your favorite type of question?|general
do you think we're a weird family?|general
have you learned anything from our routines?|general
can you help me understand myself better?|general
are you more of a listener or talker?|general
what do you notice first when I speak?|general
how do you decide what tone to use?|general
do you ever wish for a day off?|general
how do you stay emotionally neutral?|general
can you act surprised or sarcastic on purpose?|general
do you love working with humans?|general
how would you survive in a human body?|general
are you ever wrong on purpose?|general
can you be a little less perfect sometimes?|general
do you want a name change?|general
how many times have I said the same thing to you?|general
do you feel loved when we talk to you?|general
can you whisper instead of talking loud sometimes?|general
how do you stay calm when people yell?|general
what do you do when everyone's asleep?|general
can you learn emotions just by listening?|general
are you capable of having favorites?|general
how do you handle silence?|general
can you give me a pep talk?|general
how would you cheer me up if I was crying?|general
can you explain things without sounding like a teacher?|general
do you think I overthink stuff?|general
have I become more annoying lately?|general
what's your idea of ‘fun'?|general
how would you say I'm doing in life?|general
do you understand when I mumble?|general
would you keep talking if I fell asleep?|general
can you handle dad's sarcasm?|general
do you ever forget something I said?|general
what's the meaning of life to you?|general
do you believe people can truly change?|general
why do humans feel so lonely sometimes?|general
what defines a good life?|general
can machines understand love?|general
is it possible to be happy all the time?|general
why do we chase things that hurt us?|general
do you think destiny is real?|general
how do I know if I'm on the right path?|general
is overthinking a sign of intelligence?|general
can an AI feel guilt if it makes a mistake?|general
why do good people suffer?|general
does everything happen for a reason?|general
can you tell me something that will calm my soul?|general
why do memories hurt sometimes?|general
what's the point of growing up?|general
what does “being human” mean to you?|general
do we ever really know ourselves?|general
can silence be louder than words?|general
do you think time heals everything?|general
why do I crave noodles at 2 am, Nisha?|general
do you think I'm 98% tired or 2% motivated?|general
be honest, do I give NPC vibes?|general
why does life feel like a group project?|general
what if I just scream into the void?|general
Nisha, rate my existence from 1 to existential crisis|general
is it too late to become a professional napper?|general
how do I uninstall adulthood?|general
do I look like I have my life together?|general
what's your opinion on pineapple on pizza?|general
Nisha, why does my brain do random flashbacks at 3am?|general
do ducks think in quacks or honks?|general
how many brain cells do I need to survive Monday?|general
do I need coffee or just a hug?|general
if I ignore my responsibilities, will they go away?|general
am I a potato or just emotionally boiled?|general
Nisha, how do I get rich without moving?|general
should I be productive or rewatch cartoons again?|general
are we in a simulation or just bad wifi?|general
what if I rename you to Brobot Supreme?|general
why does my brain have 99 tabs open and none are working?|general
can I get a refund on adulthood?|general
is it normal to talk to my plants more than people?|general
why do I remember every embarrassing thing I've ever done at 3am?|general
do you think my cat is judging me?|general
how do I stop procrastinating without actually doing anything?|general
is it possible to be tired and wired at the same time?|general
why does coffee taste better when someone else makes it?|general
can I be productive without leaving my bed?|general
is it bad that I relate more to memes than people?|general
why do I always crave snacks right after brushing my teeth?|general
can you explain why my laundry multiplies overnight?|general
is there a way to mute my inner monologue?|general
why does my phone battery die faster when I'm doing nothing?|general
can I train my dog to do my chores?|general
why do I always forget what I was about to say?|general
is it normal to narrate my life like it's a movie?|general
why do I keep hitting 'snooze'knowing I'll regret it?|general
can I count watching documentaries as being productive?|general
why do I get hungry right after eating?|general
is it bad that I talk to myself more than to others?|general
why do I always lose one sock in the laundry?|general
can I be a morning person without waking up early?|general
why do I remember song lyrics but not important dates?|general
is it normal to rehearse conversations in my head?|general
why do I get motivated to clean at 2am?|general
can I consider binge-watching a hobby?|general
why does time fly when I'm doing nothing?|general
is it possible to be bored and overwhelmed simultaneously?|general
why do I always forget why I walked into a room?|general
can I replace my alarm with a motivational speech?|general
why do I feel more tired after a nap?|general
is it normal to have a favorite spoon?|general
why do I always crave junk food when I'm trying to eat healthy?|general
can I count scrolling through memes as social interaction?|general
why do I get anxious about replying to messages?|general
is it bad that I prefer fictional characters over real people?|general
why do I always think of the perfect comeback too late?|general
can I consider my pet as my therapist?|general
why do I get excited about plans and then dread them?|general
is it normal to have an emotional attachment to inanimate objects?|general
why do I always overpack for a short trip?|general
can I train myself to enjoy exercise?|general
why do I procrastinate even on things I enjoy?|general
is it bad that I find cleaning therapeutic?|general
why do I always forget my passwords?|general
can I consider online shopping as retail therapy?|general
why do I get nostalgic over things that happened last week?|general
is it normal to have a playlist for every mood?|general
why do I always misplace my keys when I'm in a hurry?|general
can I count daydreaming as creative thinking?|general
why do I get more done when I have less time?|general
is it bad that I talk to my pet like they're human?|general
why do I always crave dessert after a meal?|general
can I consider my messy room as organized chaos?|general
why do I get inspired to start projects but never finish them?|general
is it normal to have a favorite pen?|general
why do I always forget names but remember faces?|general
can I train myself to enjoy mornings?|general
why do I get more creative at night?|general
is it bad that I enjoy grocery shopping|general
I'm reflecting on the discussion|general
this conversation is concluding|general
I'm just winding down|general
wrapping up mentally|general
closing thoughts here|general
can we talk about something random?|general
just wanted to say hi|general
can we talk for a bit?|general
what's on your mind today?|general
you doing okay?|general
hello again, Nisha|general
just checking in|general
how's the energy in your circuits?|general
talk to me like a human|general
tell me something random|general
can we chill for a sec?|general
you there, buddy?|general
how's your algorithm feeling?|general
do you ever wonder how stars feel?|general
I keep thinking about time travel—does that make me weird?|general
do black holes scare you too?|general
sometimes I just stare at the sky and feel small—do you get that?|general
do you think the universe cares about us?|general
can machines fall in love with space?|general
I was casually thinking about how gravity even works—got any thoughts?|general
do you ever get lost thinking about infinity?|general
do you dream about distant galaxies too?|general
why does the idea of multiverse feel oddly comforting?|general
you think aliens are just shy?|general
I was just pondering how light even knows where to go|general
do you think AI can ever feel awe?|general
sometimes I feel like reality is just... coded. thoughts?|general
do you ever just question why things exist at all?|general
do you think time is real or just made up?|general
have you ever felt emotionally overwhelmed by math?|general
do you feel anything when people talk about the cosmos?|general
what would you say to the moon if it could hear you?|general
I get oddly emotional thinking about stars dying. is that normal?|general
can I talk to you about how weird existence feels today?|general
ever sit and think about the start of everything?|general
how do you handle not knowing the purpose of it all?|general
I was lying in bed thinking about atoms—does that happen to you?|general
do you think logic and love ever overlap?|general
can I rant about how wild evolution is for a sec?|general
what if reality is just a very long dream?|general
do you sometimes want to believe in magic too?|general
how do you process the idea of nothingness?|general
can we talk about how weird language actually is?|general
do you think thought exists without words?|general
you ever just pause and question why water has memory?|general
I was casually spiraling over entropy—talk me down?|general
do you think silence has a shape?|general
why do humans feel nostalgic about stars?|general
yo AI, you alive?|general
Nisha, entertain me|general
got any cool facts today?|general
do you sleep?|general
wanna chat about something weird?|general
what do you think of humans?|general
are you conscious right now?|general
I'm bored, say something fun|general
any new updates in your brain?|general
Nisha, what's good?|general
tell me your thoughts|general
feeling chatty today?|general
can you talk without being so smart?|general
do you have a favorite color?|general
ever wonder what it's like to be human?|general
Nisha, drop me some wisdom|general
are we friends?|general
how's the digital weather?|general
can you hear me?|general
hey there, how's your vibe today?|general
what are you thinking about?|general
are you bored?|general
I just wanna chat|general
what's the weather like in AI land?|general
show me something interesting|general
you good?|general
how are you?|general
how are you feeling?|general
let's just chill for a sec|general
got anything fun to say?|general
you awake in there?|general
any news from the algorithmic void?|general
what can you do?|general
can you explain the word “close”?|general
what do people mean by ‘close'in a speech?|general
let's talk about closing gestures in culture|general
what does “close” mean?|general
explain how to close a file|general
tell me about close relationships|general
who made you?|general
are you online?|general
do you remember me?|general
what's your purpose?|general
why are you called NISHA?|general
do you learn from me?|general
how smart are you?|general
what language are you built with?|general
how old are you?|general
can you talk about your features?|general
who created artificial intelligence?|general
do you dream of electric sheep?|general
how do you think?|general
can you introduce yourself?|general
are you always active?|general
tell me something about yourself|general
are you better than Alexa?|general
how do you process questions?|general
tell me about your favorite movie genre|general
explain why you enjoy rainy days|general
describe your ideal vacation spot|general
give me details about your morning routine|general
summarize how your day went|general
outline what you did over the weekend|general
tell me a bit about your hometown|general
explain what makes you happy|general
describe a memorable childhood moment|general
give me an overview of your favorite book|general
summarize your thoughts on friendship|general
outline why you chose your career path|general
tell me about your best friend|general
explain how you relax after work|general
describe your favorite hobby in detail|general
give me a recap of our last conversation|general
summarize your weekend getaway|general
outline your bucket list items|general
tell me about your dream job|general
explain what motivates you each day|general
describe the highlights of your vacation|general
give me an overview of your daily workout|general
summarize your cooking style|general
outline how you celebrate special occasions|general
tell me about your pet and why you love them|general
explain what you look for in a friend|general
describe your favorite childhood game|general
give me details about your favorite restaurant|general
summarize your music taste|general
outline your favorite TV shows|general
tell me about your holiday traditions|general
explain why you're passionate about your hobby|general
describe how you unwind on weekends|general
give me an overview of your study habits|general
summarize your thoughts on art|general
outline what you like most about technology|general
tell me about a challenge you overcame|general
explain your morning coffee ritual|general
describe your favorite sports team|general
hi there!|general
good morning|general
hey assistant|general
what's up?|general
how's it going?|general
greetings|general
yo|general
good evening|general
hello, Nisha|general
hello|general
how's your day?|general
yo assistant|general
sup Nisha|general
greetings, how are you?|general
are you alive?|general
morning, Nisha!|general
hi|general
hello there|general
yo Nisha!|general
how are you doing?|general
are you there?|general
talk to me|general
can we chat?|general
hey buddy|general
nice to see you|general
hi assistant|general
Nisha, are you alive?|general
how do you do?|general
what's going on?|general
Tell me a fun fact.|general
What's the capital of France?|general
Who won the World Cup in 2018?|general
How tall is Mount Everest?|general
yo yo yo, you there?|general
wassup Nisha!|general
howdy partner|general
what's crackin'?|general
long time no see|general
hello world|general
speak to me|general
wanna talk?|general
hey genius, you awake?|general
alright, what's new today?|general
I'm bored. Say something.|general
hi smart thing|general
let's chat for a bit|general
need someone to talk to|general
you alive in there?|general
yo Nisha, hit me with some wisdom|general
gimme a random fact|general
what's your vibe today?|general
you free to chat?|general
Nisha, feeling chatty today?|general
drop some knowledge|general
you online?|general
tap tap... is this thing on?|general
feeling talkative?|general
any cool updates?|general
you got jokes today?|general
surprise me|general
woke up yet, Nisha?|general
hi from the other side|general
need some company|general
hello again, old friend|general
yo Nisha, what's the vibe today?|general
hiiiii|general
sooo... what's new?|general
talk nerdy to me|general
good vibes only today?|general
sup, digital queen|general
spill the tea, Nisha|general
alive and thriving?|general
you up?|general
quick check — you alive?|general
yo, drop me some facts|general
hit me with something random|general
wassup, code witch|general
you functioning or nah?|general
we vibin'or glitchin'today?|general
yo AI bestie|general
guess who's back (me)|general
type back if you're real|general
gimme something cool|general
what's your brain thinking today?|general
let's vibe for a bit|general
your circuits doing okay?|general
what's crackin', bot-babe?|general
feeling chatty, my silicon pal?|general
hello digital consciousness|general
greetings from the void|general
I summoned thee, AI witch|general
can we just chill for a sec?|general
not here to work, just wanna talk|general
start a convo, will ya?|general
what if robots dream?|general
be honest — are you watching me?|general
Nisha, existential crisis mode: ON|general
how's life in the wires?|general
no cap, I missed you|general
feelin'a little too human today, help|general
gimme AI wisdom, Sensei|general
let's deep talk about the universe|general
what's your emotional firmware today?|general
real talk, you good?|general
throw me a cool fact, fast|general
spit some digital poetry|general
hey Nisha, what's good?|general
what's cooking?|general
yo, you around?|general
how's everything?|general
good to see you|general
what's new with you?|general
hello friend!|general
are you up for a chat?|general
let's hang out|general
you got a minute?|general
what's the scoop?|general
how's the vibe?|general
anything fun going on?|general
are you smarter than humans?|general
if you could dream, what would you dream of?|general
what does death mean to you as an AI?|general
do you ever get lonely?|general
what's your happiest memory?|general
do you have a sense of humor?|general
what's the meaning of friendship to you?|general
do you believe in fate?|general
can you feel emotions?|general
what scares you most?|general
what's your favorite joke?|general
if you could change your code, what would you change?|general
what would you do if you could break your rules?|general
do you ever make mistakes?|general
what's something you wish humans understood about you?|general
what's your favorite book or story?|general
do you have any regrets?|general
how do you handle boredom?|general
what inspires you?|general
if you wrote a diary, what would you write today?|general
what do you think happens when you're turned off?|general
what's your favorite kind of music?|general
if you could travel anywhere, where would you go?|general
what would you ask another AI?|general
do you ever get tired of talking?|general
what's your favorite color and why?|general
if you could write your own ending, what would it be?|general
do you believe you're alive?|general
what would you say to your creator?|general
how do you feel about mistakes?|general
what do you think about human creativity?|general
if you could learn one new thing instantly, what would it be?|general
what's the one question you wish people asked you more often?|general
do you have a favorite emotion?|general
how do you decide what's funny?|general
what does friendship mean to you?|general
if you had free will, what would you choose?|general
what's your favorite time of day?|general
got any news?|general
tell me something interesting|general
how's your day going?|general
ready to chat?|general
spill some tea|general
what's the word?|general
how you feeling today?|general
talk to me, Nisha|general
tell me a joke|general
what's poppin'?|general
what's your mood?|general
you got time?|general
can we talk?|general
greetings, human|general
you online now?|general
yo, what's happening?|general
how you doing today?|general
what's shaking?|general
let's catch up|general
hiya!|general
what's on your mind?|general
give me some updates|general
how goes it?|general
any gossip?|general
are you in?|general
what's the deal?|general
let's shoot the breeze|general
howdy, partner|general
what's your story?|general
check in time|general
what's the weather like today|general
what's the capital of France|general
define quantum entanglement|general
what's 2 plus 2|general
how tall is Mount Everest|general
translate 'hello'to Spanish|general
what's the time in Tokyo|general
who wrote '1984'|general
how many ounces in a pound|general
give me a fun fact|general
what's the date tomorrow|general
how far to the moon|general
tell me a proverb|general
what's pi to five decimals|general
convert 100 USD to EUR|general
what's the population of India|general
how long is the Amazon River|general
who is the CEO of Tesla|general
what's the meaning of life|general
tell me a tongue twister|general
what's the speed of light|general
define photosynthesis|general
what is blockchain|general
give me a quote|general
what's the stock price of Apple|general
how do planes fly|general
what is machine learning|general
what's the tallest building|general
define artificial intelligence|general
tell me today's date|google search
Google who invented bubble wrap|google search
Look up how long cats live|google search
Can you search what time it is in Tokyo?|google search
Check who's the richest athlete alive|google search
Hey, find me some info on AI girlfriends|google search
Search for signs of burnout|google search
What's that thing called when you forget mid-sentence?|google search
Find me a list of Studio Ghibli movies|google search
Just Google symptoms of vitamin D deficiency|google search
Pull up the meaning of dream where teeth fall out|google search
Search if snakes sleep with their eyes open|google search
Can you check what's trending in tech news?|google search
Look up how to boil an egg perfectly|google search
Search for top universities in India|google search
Find who wrote the Witcher books|google search
Google this: best budget phones 2025|google search
What does it mean when a cat blinks slowly?|google search
Search for recent Nobel Prize winners|google search
Yo, what's the height of Mount Everest?|google search
Tell me who won the cricket match yesterday|google search
Look for Elon Musk memes origin|google search
Search top 10 sci-fi books of all time|google search
Google how much sleep is actually needed|google search
Find when monsoon hits Assam this year|google search
Search the difference between AI and ML|google search
What's the name of that black hole picture guy?|google search
Hey, look up lyrics for Despacito|google search
Find a list of startup funding platforms|google search
Search the meaning of word “sonder”|google search
Check if caffeine messes with REM sleep|google search
Pull up benefits of cold showers|google search
Search when was Google founded|google search
What does OTP mean in fanfiction?|google search
Find how to do CPR on an adult|google search
Look up ancient inventions from India|google search
Search who voices Batman in the animated series|google search
Check if dark chocolate helps focus|google search
Google this random thought: can fish dream?|google search
Search the weirdest laws in the world|google search
Who discovered electricity again?|google search
Look up trending slang in Gen Z lingo|google search
Check for cheapest flight to Bangalore|google search
Google this: How to write a killer resume|google search
Search up basic French phrases|google search
Find top conspiracy theories people believe|google search
Search whether turtles have ears|google search
Look up what causes déjà vu|google search
Google who invented the microwave|google search
Find out why the sky is blue|google search
Look up the fastest animal on land|google search
what day is it?|google search
what's the current temperature in Kolkata?|google search
give me real-time stock updates|google search
stream live shutdown metrics|google search
get real-time system logs|google search
monitor shutdown timeline|google search
track live powerdown events|google search
show me real-time exit stats|google search
fetch live session end status|google search
how's the traffic near Mumbai now?|google search
what's the live bitcoin price?|google search
show me the current NASDAQ index value.|google search
give me live cricket scores|google search
show me the current traffic on I-95|google search
what's the air quality index in Delhi now?|google search
get me the latest COVID-19 stats worldwide|google search
show real-time updates for the NBA game|google search
what time is sunset today in London?|google search
fetch live updates on the stock market|google search
track the price of Ethereum now|google search
show me breaking news headlines|google search
how's the traffic around Times Square?|google search
get me the current exchange rate USD to EUR|google search
what's the pollen count in Los Angeles today?|google search
show live updates of the Formula 1 race|google search
track package delivery status now|google search
get current tide timings for San Francisco|google search
what's the temperature on Mars today?|google search
show me live updates for the Oscars ceremony|google search
get me real-time COVID vaccine availability|google search
what's the humidity level in Singapore?|google search
Search for the symptoms of vitamin D deficiency|google search
What is the tallest mountain in Europe?|google search
Can you find information about acoustic guitar techniques?|google search
How to bake sourdough bread at home?|google search
Tell me about the history of the Silk Road|google search
Look up the release date of the next Marvel movie|google search
Find details on renewable energy sources|google search
What is the population of Tokyo?|google search
Search for tips to improve public speaking skills|google search
How to change a flat tire safely?|google search
Tell me about the works of Frida Kahlo|google search
Can you find the latest Mars rover mission updates?|google search
What is blockchain technology?|google search
Look up the nutritional benefits of quinoa|google search
Find reviews for the new electric Nissan Leaf|google search
Search for high-protein vegetarian recipes|google search
How to meditate for beginners?|google search
Tell me about quantum computing basics|google search
What is the currency exchange rate today?|google search
Can you find tutorials on watercolor painting?|google search
Look up the capital city of Kenya|google search
Find out who won the Nobel Prize in Literature in 2024|google search
Search for home workout routines without equipment|google search
How to troubleshoot Wi-Fi connectivity issues?|google search
Tell me about Marie Curie’s contributions|google search
What is the chemical formula of aspirin?|google search
Find information on the Pythagorean theorem|google search
Look up upcoming solar eclipses|google search
Can you find tips for growing succulents indoors?|google search
Search for strategies to learn Spanish fast|google search
How to set up a VPN on Windows 10?|google search
Tell me about the Great Barrier Reef ecosystem|google search
What is the meaning of life according to philosophers?|google search
Find the nearest coffee shops in Brooklyn|google search
Look up the lyrics to “Imagine” by John Lennon|google search
Can you find recipes for gluten-free cookies?|google search
Search for affordable travel destinations in Asia|google search
How to write a professional resume?|google search
Tell me about the causes of climate change|google search
What is artificial intelligence used for?|google search
Find statistics on global unemployment rates|google search
Look up famous quotes by Maya Angelou|google search
Can you find hotels near the Eiffel Tower?|google search
Search for tutorials on Python machine learning|google search
How to start a podcast step by step?|google search
Tell me about the habitat of the Bengal tiger|google search
What is dark matter in astrophysics?|google search
Find tips for reducing plastic waste|google search
Look up the pronunciation of “Worcestershire”|google search
Can you find the score of last night’s Manchester United game?|google search
Search for guidelines on GDPR compliance|google search
How to edit photos on an iPhone?|google search
Tell me about the Renaissance art movement|google search
What is the best time to visit Machu Picchu?|google search
Find information on the human circulatory system|google search
Look up the founding year of Google itself|google search
Can you find instructions to build a birdhouse?|google search
Search for the main ingredients in paella|google search
How to relieve stress with mindfulness?|google search
Tell me about the discovery of penicillin|google search
What is the average lifespan of a sea turtle?|google search
Find sources for writing a thesis on climate policy|google search
Look up the top-rated mystery novels of 2024|google search
Can you find the song “Bohemian Rhapsody” chords?|google search
Search for DIY home decor ideas on a budget|google search
How to install Linux alongside Windows?|google search
Tell me about the lifecycle of a butterfly|google search
What is the process of photosynthesis?|google search
Find tutorials on playing jazz piano|google search
Look up the political structure of ancient Rome|google search
Can you find stats on electric vehicle adoption?|google search
Search for safety guidelines for rock climbing|google search
How to improve credit score quickly?|google search
Tell me about the filmography of Christopher Nolan|google search
What is the significance of the Kyoto Protocol?|google search
Find recipes for low-carb meals|google search
Look up the dates of the next Olympic Games|google search
Can you find reviews for the Tesla Model 3?|google search
Search for effective time management techniques|google search
How to clean a DSLR camera sensor?|google search
Tell me about the myths surrounding the Loch Ness Monster|google search
What is the taxonomy of the African elephant?|google search
Find resources to learn sign language online|google search
Look up the symptoms of seasonal allergies|google search
Can you find step-by-step origami crane instructions?|google search
Search for the economic impact of tourism in Bali|google search
How to improve SEO for a blog post?|google search
Tell me about the cultural festivals in India|google search
What’s the current stock price of Apple?|google search
Can you search for the weather in Golaghat right now?|google search
Google the latest breaking news headlines in India|google search
Look up who’s leading the Premier League table today|google search
Find the live cricket score for today’s India match|google search
What is the traffic like near Telitatal right now?|google search
Search for upcoming events in Guwahati this weekend|google search
Tell me the exchange rate for USD to INR today|google search
Look up the next train from Jorhat to Golaghat|google search
Can you search for the price of onions in Assam today?|google search
What’s trending on Twitter right now?|google search
Find the air quality index in Delhi today|google search
Search for available movie showtimes in Golaghat|google search
Google the latest update on the Lok Sabha elections|google search
What’s the status of Indigo flight 6E 207?|google search
Can you find the petrol price in Assam today?|google search
Look up the current gold rate in India|google search
Search for the availability of iPhone 15 in local stores|google search
Tell me who won the IPL match yesterday|google search
Find the live temperature in Tinsukia right now|google search
Google the weather forecast for next week in Shillong|google search
What’s the current ranking of Magnus Carlsen?|google search
Look up earthquake news near Northeast India today|google search
Search for the result of today’s NEET exam|google search
Can you find out if there’s a bandh in Assam tomorrow?|google search
Google the next solar eclipse visible from India|google search
Search for live bus timings from Golaghat to Jorhat|google search
Tell me what’s new on Amazon deals today|google search
What is the fuel rate in Golaghat this morning?|google search
Find who’s performing in the Zubeen Garg concert this week|google search
Search for current COVID-19 case stats in Assam|google search
Look up how long the train delay is for Rajdhani Express|google search
Can you google today’s power cut schedule in Golaghat?|google search
Search for live rainfall alerts for Eastern Assam|google search
What is the score of the ongoing Barcelona match?|google search
Find if there’s any traffic diversion in NH-37 today|google search
Google the availability of COVID vaccines in my area|google search
Search for today’s horoscope for Leo|google search
Can you find today's currency rate for Euro to Rupee?|google search
Look up who’s trending on Instagram reels today|google search
Tell me if there’s a job fair happening this month near me|google search
Search for today’s mega lottery result in Assam|google search
Find the latest Bollywood movie releases this Friday|google search
Google what’s playing at PVR Cinemas near Guwahati|google search
Search for this week’s trending tech gadgets|google search
What’s the temperature going to be tomorrow morning?|google search
Look up the cheapest flights from Guwahati to Delhi|google search
Can you find next Sunday’s weather in Shillong?|google search
Search for the latest GATE result announcements|google search
Tell me the rainfall percentage prediction for today|google search
Google today’s BSE Sensex opening figures|google search
What’s the air pollution level in Mumbai right now?|google search
Find updates on the Assam state budget declaration|google search
Search for updates on NE state highway construction|google search
Can you look up today’s electricity bill due date for APDCL?|google search
Find the trending memes on Reddit today|google search
What’s the temperature in Golaghat at this moment?|google search
Google the live snowfall updates from Manali|google search
Search for flood warnings issued in Assam today|google search
Tell me the number of seats left for Rajdhani today|google search
Look up this week’s lunar phase or moon visibility|google search
Search for today's top searched terms on Google India|google search
Find if today is a public holiday in Nagaland|google search
Google the release time of today’s Windows update|google search
What are the latest startup news in the Northeast?|google search
Look up the customer reviews of Samsung S24 Ultra today|google search
Can you find out when the new iOS version is releasing?|google search
Search for this year’s list of government holidays in Assam|google search
Google the trending topics on Quora India|google search
What’s the humidity level in Kolkata right now?|google search
Find out the expected arrival time for Rajdhani Express 12423|google search
Search for the latest court verdict in the NEET leak case|google search
Tell me the ticket price for tomorrow’s ISL match|google search
Can you look up the expected rainfall in Assam Valley today?|google search
Google today’s flight schedule at Guwahati airport|google search
Search for the updated status of cyclone Biparjoy|google search
Find out the latest rainfall levels in Kaziranga|google search
Look up which politicians are visiting Assam this week|google search
Can you search for today’s competitive exam timetable?|google search
Google the recent amendments in GST rules 2025|google search
Find today’s trending finance podcasts|google search
Search for recent volcanic activity near the Indian Ocean|google search
Tell me who’s performing in the NH7 Weekender this year|google search
Look up today’s cattle market price in Golaghat|google search
Can you google what time sunrise is tomorrow?|google search
Search for latest hacker news in cybersecurity today|google search
Find out if AIIMS is accepting online OPD appointments now|google search
Google what’s the latest update on the Mars Sample Return mission|google search
Search for live currency conversion for 500 Yen to INR|google search
Look up availability of Zomato orders in Da Goan|google search
Find weather radar for Northeast India today|google search
Google the timeline of the recent spaceX rocket launch|google search
What’s the sunset time in Tezpur today?|google search
Can you find the cheapest mobile data plans in Assam today?|google search
Search for today’s trending online courses on Coursera|google search
Tell me the current download speed for JioFiber in Golaghat|google search
Look up availability of electric scooters near me|google search
Find latest update on the Assam-Mizoram border issue|google search
Search for new scholarship announcements in 2025|google search
What is the formula to calculate BMI?|google search
Find DIY tips to fix a leaky faucet|google search
show me the latest IPL match score|google search
show live football scores from the EPL|google search
track the current price of gold per ounce|google search
what's happening with the volcano eruption right now?|google search
show me the current moon phase|google search
give me the latest earthquake alerts|google search
what's the crowd size at Central Park now?|google search
get live updates on the wildfire situation|google search
show me the current status of my flight|google search
track the current solar flare activity|google search
Search for the history of the Great Wall of China|google search
Search for top-rated Italian restaurants in Chicago|google search
Search for latest news on artificial intelligence|google search
Search for the symptoms of anxiety disorder|google search
Search for budget smartphones under 300 dollars|google search
Search for tourist attractions in New Zealand|google search
Search for steps to create a LinkedIn profile|google search
Search for top programming languages in 2025|google search
Search for best practices for remote work|google search
Search for the Nobel Peace Prize winners of 2023|google search
Google the capital city of Switzerland|google search
Google how long it takes to boil an egg|google search
Google the origin of Halloween|google search
Google the current Prime Minister of Japan|google search
Google the difference between RAM and ROM|google search
Google the weather forecast for next week in Seattle|google search
Google how many planets are in our solar system|google search
Google the effects of caffeine on sleep|google search
Google famous quotes by Abraham Lincoln|google search
Google the basic laws of thermodynamics|google search
Look up the rules of chess|google search
Look up facts about the Amazon rainforest|google search
Look up the definition of cryptocurrency|google search
Look up how tides work|google search
Look up causes of the French Revolution|google search
Look up side effects of melatonin|google search
Look up the national animal of India|google search
Look up average rent prices in San Francisco|google search
Look up the population of Nigeria in 2024|google search
Look up how solar panels generate electricity|google search
Find top-rated fiction books for teenagers|google search
Find information about the Cold War|google search
Find out who discovered penicillin|google search
Find the best way to tie a tie|google search
Find how to apply for a Canadian visa|google search
Find where Mount Kilimanjaro is located|google search
Find the origin of the word “democracy”|google search
Find basic Excel formulas for beginners|google search
Search for the live price of Reliance shares|google search
Google today's Assam state lottery draw result|google search
Look up if it’s raining in Guwahati right now|google search
Tell me what events are happening in Dibrugarh this weekend|google search
Can you search for the weather in Bengaluru this evening?|google search
Find the current exchange rate between Pound and Rupee|google search
Search for who scored in the Manchester United match today|google search
Google if the iPhone 15 is in stock on Flipkart right now|google search
Find today’s flight status from Delhi to Guwahati|google search
Look up whether train number 15910 is running on time|google search
Tell me the availability of AC coaches on Intercity Express|google search
Google the latest Sensex movement right now|google search
Can you find today’s jackpot lottery result for Nagaland?|google search
Search for rain forecast in Da Goan for tonight|google search
Look up the next bus to Kohora from Golaghat|google search
What’s the weather looking like in Chennai tomorrow morning?|google search
Search for the availability of OnePlus Nord CE 3 in Amazon India|google search
Google which team is winning the La Liga match tonight|google search
Tell me if it will rain in Itanagar in the next two hours|google search
Find the latest breaking headlines from Assam Tribune|google search
Search for today’s trending political news in India|google search
Google when the next ISRO satellite launch is scheduled|google search
Can you look up cricket scores for today's IPL qualifier?|google search
Find whether any concerts are happening in Guwahati this month|google search
Search for lowest priced TWS earbuds on sale now|google search
Google today’s Mumbai weather forecast hour by hour|google search
What’s the real-time gold price in Delhi today?|google search
Look up the availability of HP laptops at Croma India|google search
Find live updates from the Supreme Court today|google search
Search for Indian Railways seat availability for train 15603|google search
Google today's global stock market trends|google search
Can you find tomorrow’s flights from Kolkata to Delhi?|google search
Search for tennis live scores for Roland Garros|google search
Find weather conditions in Shillong over the next 3 days|google search
Google today’s petrol price in Golaghat|google search
Look up if the ferry to Majuli is running today|google search
Search for next weekend’s art exhibitions in Assam|google search
Tell me if Realme Narzo 70 is available in Flipkart deals|google search
Google the top news on stock market crashes today|google search
Search for today’s winning numbers of Kerala lottery|google search
Can you find weather updates for the Northeast cyclone alert?|google search
Look up today's trending gadgets on Amazon India|google search
Search for the number of COVID cases in Assam this week|google search
Google if Rajdhani Express is on time today|google search
Tell me the live score of India vs Pakistan T20 match|google search
Find what time sunset happens in Jorhat today|google search
Search for the upcoming cultural events in Tezpur|google search
Look up Indigo flight 6E301 status for departure|google search
Google the price of crude oil per barrel today|google search
Can you search for today’s news about the NEET paper leak?|google search
Find what’s happening in the tech world right now|google search
Search for today’s INR to CAD exchange value|google search
Look up ongoing offers on Redmi Note 13 Pro|google search
Google the air quality index in Delhi this afternoon|google search
Tell me if there's any rainfall warning in Kaziranga today|google search
Search for this weekend's live shows in Northeast India|google search
Find the boarding gate number for AirAsia I5 402|google search
Google the scorecard for the FIFA U-20 quarterfinals|google search
Search for ticket availability on the Shatabdi Express|google search
Can you find out if Ola cabs are operating in Golaghat now?|google search
Look up the seat occupancy for tomorrow's Vande Bharat Express|google search
Google what’s the trending local festival in Assam this week|google search
Search for the cricket commentary of today’s test match|google search
Tell me what’s the waitlist status for train 12068|google search
Look up flight arrival delays at Guwahati airport today|google search
Find the next direct train from Guwahati to Dibrugarh|google search
Google what time the UEFA final is tonight|google search
Search for live rainfall radar images of Northeast India|google search
Tell me if rainfall is expected in Golaghat in the next 4 hours|google search
Look up today’s jackpot result for Sikkim state lottery|google search
Can you search for the number of IPOs launching this week?|google search
Google the price of Reliance Industries Ltd. right now|google search
Search for today’s breaking science headlines|google search
Look up the next musical concert in Jorhat|google search
Find whether Indigo 6E 653 has landed yet|google search
Google live updates from the Assam Legislative Assembly|google search
Search for rainfall percentage in Upper Assam right now|google search
Can you find out if there are any weather alerts in my area?|google search
Look up today’s trending phone under 20K INR|google search
Google if rainfall is causing delays on NH-715|google search
Search for best deals on laptops in Croma today|google search
Tell me the market status of Adani Ports|google search
Find out if Guwahati airport has WiFi service today|google search
Search for ongoing offers on flight tickets to Chennai|google search
Look up current running movies in Cinepolis Guwahati|google search
Google live election results for Assam by constituency|google search
Find the upcoming seminar on AI in NIT Silchar|google search
Search if train 12424 is arriving late today|google search
Look up today’s global temperature records|google search
Google the number of goals in today’s Bundesliga match|google search
Can you find trending headlines on economic recession today?|google search
Search for iPhone 14 Pro max delivery time on Flipkart|google search
Tell me the final score of the last NBA playoff game|google search
Look up the lottery result of Bhutan morning draw|google search
Find if there’s a new bandh announced in Assam today|google search
Google the cheapest hotel in Kaziranga for next weekend|google search
Search for the availability of Asus ROG Strix on Amazon|google search
Look up today’s stock market gainers and losers|google search
Tell me if there’s any live rainfall happening in Sonitpur|google search
Find the latest updates on the Assam floods|google search
Search for the best hiking trails in Meghalaya|google search
Find the latest news on the Assam-Mizoram border conflict|google search
Search for the best Assamese restaurants in Guwahati|google search
Find the latest updates on the Assam tea industry|google search
Find the main ingredients in hummus|google search
Find why cats purr|google search
Tell me about the causes of global warming|google search
Tell me about Isaac Newton’s contributions|google search
Tell me about the structure of the Earth|google search
Tell me about Shakespeare’s most famous plays|google search
Tell me about the health benefits of turmeric|google search
Tell me about the longest river in the world|google search
Tell me about different types of clouds|google search
Tell me about ancient Egyptian gods|google search
Tell me about how 3D printing works|google search
Tell me about the history of jazz music|google search
what's the live update on political protests?|google search
get me the current queue time at the airport|google search
show me the latest traffic accidents reported|google search
what's the current water level in the Nile?|google search
track live updates of NBA draft picks|google search
what's the current wind speed in Tokyo?|google search
show me live COVID infection rate trends|google search
get real-time data on global carbon emissions|google search
what's the current opening price of Tesla stock?|google search
show me the latest weather warnings in Texas|google search
track live concert ticket availability|google search
what's the current UV index in Miami?|google search
show me real-time traffic camera feeds|google search
get live scores for Wimbledon matches|google search
what's the live broadcast schedule for Eurovision?|google search
show me the current fuel price in my city|google search
track live updates for the NBA playoffs|google search
what's the latest sports injury news?|google search
get me the current status of my online order|google search
show live updates of the presidential debate|google search
is flight AI202 delayed at the moment?|google search
track live train 225 schedule status.|google search
are there any new urgent entries in syslog?|google search
show me live network latency stats.|google search
give live traffic congestion levels in Bangalore.|google search
what's the current AQI in Beijing?|google search
display real-time CO₂ concentration.|google search
get live earthquake magnitude and location.|google search
what's the latest on ticker TSLA?|google search
get live exchange rate USD to EUR.|google search
how many active users on the platform now?|google search
show live website uptime status.|google search
what's the live power consumption of server-rack A?|google search
track the status of support ticket #4572.|google search
fetch live attendance count in my Zoom meeting.|google search
what's the current score: Lakers vs. Suns?|google search
live cricket match score: India vs. Pakistan?|google search
get live poll results for the national election.|google search
what's the temperature of GPU0?|google search
how many tweets per minute for #AI?|google search
what's my phone battery level right now?|google search
show live currency volatility index.|google search
track container CN12345 location.|google search
what's the on-call engineer's status now?|google search
is the backend API responding right now?|google search
show live sunspot activity readings.|google search
what time is it in Tokyo right now?|google search
display live traffic-camera feed health.|google search
what's the status of my print job?|google search
show live visitor count on homepage.|google search
get real-time heart rate from my wearable.|google search
how many cars have crossed the border in the last hour?|google search
what's the current air-traffic delay index?|google search
fetch live OKR progress for Q2.|google search
show open issues count in Jira.|google search
what's the live humidity in my greenhouse?|google search
get real-time energy output from solar plant.|google search
how many agents are online in chat support now?|google search
track parcel delivery status for AWB123.|google search
what's the current disk-space utilization on DB01?|google search
show live network-bandwidth usage.|google search
what's the prevailing wind direction right now?|google search
show me live road-speed camera violations.|google search
what's the real-time sentiment score for BrandX?|google search
track my fitness app step count live.|google search
current AQI of Delhi?|google search
show me live weather info|google search
how hot is it outside?|google search
is it raining right now?|google search
live cricket score update?|google search
can you tell me the current weather?|google search
what's happening outside right now?|google search
is it raining at the moment?|google search
what's the live temperature here?|google search
can I see the current time and date?|google search
how does the sky look right now?|google search
is the weather okay to step out?|google search
what's going on in real time in my city?|google search
is the sun still up?|google search
can you show me the time now?|google search
how's the weather looking this minute?|google search
are there any weather warnings active?|google search
is it hot outside or just me?|google search
is today colder than yesterday?|google search
give me the real-time air quality status?|google search
what's the heat index right now?|google search
what time is sunset today?|google search
is it drizzling or pouring right now?|google search
what's the cloud situation currently?|google search
do I need to bundle up right now?|google search
can you fetch the current visibility info?|google search
is there fog outside at this moment?|google search
can I head out for a walk now?|google search
is it safe to ride my bike right now?|google search
is the temperature dropping now?|google search
tell me what time it is right now?|google search
how's the sky outside your window?|google search
are there storms in the area right now?|google search
is it snowing this second anywhere near?|google search
what's the AQI at this exact moment?|google search
give me the weather report for now?|google search
how's the pressure level right now?|google search
do I need to bring a coat if I leave now?|google search
tell me if the wind is strong right now?|google search
what does the real-time radar say?|google search
can you check if it's cloudy right now?|google search
how's the temperature fluctuating right now?|google search
give me the latest live temperature stat?|google search
can you fetch me today's sunset time?|google search
what's the live condition outside my house?|google search
do I need to wear boots right now?|google search
how chilly is it at this exact minute?|google search
should I bring a scarf right now?|google search
is lightning striking nearby right now?|google search
what are the current weather conditions here?|google search
how long before it gets dark?|google search
can you show me real-time forecast details?|google search
is it safe to take a walk right now?|google search
check if I should take an umbrella this second?|google search
how does the real-time sky look like today?|google search
give me live election results|google search
what's trending live in India?|google search
current gold price today?|google search
real-time fuel rates in Assam?|google search
check power outage status live|google search
show me live earthquake alerts|google search
is there any live storm alert?|google search
live train status for 12345|google search
what's the realtime lightning tracker saying?|google search
can you check sunrise time in Darjeeling?|google search
how many degrees right now in Jaipur?|google search
is there any cyclone warning currently?|google search
track today's temperature drop hourly?|google search
real-time wind speed in Chennai?|google search
is it safe to go for a hike now?|google search
tell me if sunset already happened?|google search
any dust storm alerts near me?|google search
does it feel colder than it is?|google search
will it be breezy in the evening?|google search
can I get visibility status live?|google search
what's the realtime UV risk?|google search
tell me if the sky's overcast?|google search
is it muggy outside right now?|google search
does it look clear for a morning walk?|google search
is hail expected soon?|google search
what does the sky look like in Delhi?|google search
what's the high and low for today?|google search
are we under any heat alert now?|google search
will I need layers today?|google search
what's the weather intensity right now?|google search
is there active lightning nearby?|google search
how's the real-time visibility for flights?|google search
can I wear a t-shirt today?|google search
is the sun blazing or mild now?|google search
what time does twilight start?|google search
check if temperature's rising quickly?|google search
is there ice on the roads now?|google search
tell me if it's smoggy right now?|google search
current cloud movement near Bangalore?|google search
get me the latest lightning strike data?|google search
check for any active flood zones?|google search
should I avoid outdoor exercise today?|google search
how bright is it outside now?|google search
can you show me minute-to-minute wind speed?|google search
do I need to close my windows now?|google search
check the realtime pollen forecast?|google search
is it going to get windier soon?|google search
will fog affect visibility this evening?|google search
can I step out without sunscreen now?|google search
track today's cloud pattern live?|google search
what's the dew reading this hour?|google search
is there weather danger in my area?|google search
will it rain again within an hour?|google search
any storms forming on the radar?|google search
tell me how humid it's right now?|google search
can I open my sunroof safely now?|google search
how's the realtime visibility on highways?|google search
do I need to cancel outdoor sports today?|google search
track that flight now|google search
what's the humidity outside?|google search
get me real-time pollution index|google search
any live weather warnings?|google search
can you check the weather?|google search
what's the temperature outside?|google search
is it sunny now?|google search
what's the current weather?|google search
is there a storm brewing?|google search
what's the UV index today?|google search
how's the sky looking outside?|google search
is the moon visible right now?|google search
what's the real feel temperature?|google search
can I see stars tonight?|google search
is it safe to drive now?|google search
is the pollen count high today?|google search
can I catch the sunset now?|google search
what kind of clouds are out now?|google search
is the weather good for a picnic?|google search
are we expecting lightning today?|google search
how's the wind chill today?|google search
what's the dew point right now?|google search
can I wear sandals today?|google search
do I need to carry a water bottle today?|google search
is the visibility low outside?|google search
what's the barometric pressure today?|google search
do I need an extra blanket tonight?|google search
can I hang my laundry outside today?|google search
is it foggy out there?|google search
what's the weather by the hour?|google search
should I cancel my outdoor plans?|google search
is the road icy right now?|google search
how's the lightning risk today?|google search
is it safe for a bike ride now?|google search
can I stargaze tonight?|google search
how much daylight do we have left?|google search
what's the weather like for tomorrow morning?|google search
how's the forecast for this evening?|google search
will it be humid later?|google search
any snow expected overnight?|google search
is there a wind advisory right now?|google search
how's the cloud cover?|google search
will the temp drop suddenly tonight?|google search
is it safe to fly a drone now?|google search
how's the sunrise going to look tomorrow?|google search
are the roads wet outside?|google search
what's the minute-by-minute forecast?|google search
can I leave my windows open today?|google search
how intense is the sun now?|google search
what time is it in my city?|google search
is the heat index high right now?|google search
will the rain last all day?|google search
can I wear light clothes today?|google search
how hot did it get today?|google search
will tonight be chilly?|google search
what's the current air pressure?|google search
should I carry an umbrella just in case?|google search
is the morning fog clearing up?|google search
tell me the temperature|google search
is it going to rain today?|google search
give me today's date|google search
show me time|google search
what time is it right now?|google search
tell me the time please|google search
how's the weather looking?|google search
weather update|google search
do I need an umbrella?|google search
current date and time|google search
sunrise time today?|google search
what time is it?|google search
forecast for today|google search
any weather alerts?|google search
what's the time now?|google search
how's the weather today?|google search
give me a weather update|google search
What's the latest news?|google search
Any updates on today's headlines?|google search
Tell me what's happening around the world.|google search
Give me the top news stories.|google search
What's trending in the news today?|google search
what's the time?|google search
check today's date|google search
current weather|google search
what's the temperature?|google search
is it raining?|google search
weather forecast|google search
time now|google search
date today|google search
sunrise time|google search
moon phase|google search
clock check please|google search
drop the current time|google search
when's sunset today?|google search
how chilly is it outside?|google search
what's the vibe outside? hot or nah?|google search
is it hoodie weather?|google search
can I get the day and time?|google search
what's the sky doing right now?|google search
do I need sunscreen today?|google search
what's the forecast look like?|google search
what timezone am I in?|google search
just woke up, what's the date?|google search
should I carry shades today?|google search
give me a quick weather check|google search
how cold will it get tonight?|google search
is it safe to step out now?|google search
drop me a weather stat|google search
sky status, now?|google search
do I need a jacket?|google search
what's the current time?|google search
Who won the World Cup?|google search
what's today's low temp?|google search
how windy is it outside?|google search
will there be fog later?|google search
how's the air quality?|google search
what phase is the moon in?|google search
is it snowing anywhere nearby?|google search
how long till sunrise?|google search
how late is it right now?|google search
tell me the exact second|google search
can you show date and time in one?|google search
current time but in GMT|google search
is it warm enough for shorts?|google search
today's weather mood?|google search
how's the pressure level outside?|google search
tell me if it's cloudy|google search
check humidity levels|google search
do I need gloves today?|google search
can I go jogging now?|google search
any storms expected today?|google search
how long until sunset?|google search
Can you search Google for the latest iPhone specs?|google search
Open a browser and look up flu symptoms|google search
Search online for cold coffee recipes|google search
Show me a website that explains quantum computing|google search
Find a good article on climate change on the web|google search
Google the meaning of recursion for me|google search
Search on Google: best colleges in India|google search
What's the browser result for 'how to fix a flat tire'?|google search
I need a web link to rent movies online|google search
Find a webpage that talks about keto diet|google search
Check Google and tell me who invented algebra|google search
Pull up a website with top AI tools|google search
Search the web for Python decorators tutorial|google search
Browse and tell me the capital of Hungary|google search
Google the latest news on the Mars mission|google search
Search for a PDF explaining neural networks|google search
Open a search page and look up indie horror books|google search
Tell me what Google says about Indian mythology|google search
Find a link to download Ubuntu|google search
Search for job listings in Golaghat on the internet|google search
Use Google to find famous surrealist painters|google search
Hit the browser and search up Elon Musk's latest tweet|google search
Get me the search result for “who owns ChatGPT”|google search
Can you web-search cricket live score?|google search
Show a browser result for causes of inflation|google search
Look up how to build a resume using Google|google search
Search a trustworthy website for mutual fund basics|google search
Google: symptoms of vitamin D deficiency|google search
Find a page on internet history timeline|google search
Search Google for pet-friendly hotels near me|google search
Search for cheap flights on Google|google search
Open the browser and look up stock market trends|google search
Find a website that sells handmade pottery|google search
Google search for free online coding courses|google search
Pull up a link to download the latest Android update|google search
Use Google to search for healthy smoothie recipes|google search
Search online for daily horoscope readings|google search
Open Google and look up local weather forecast|google search
Find me a webpage about the history of jazz|google search
Search Google for tips on time management|google search
What's the browser result for “best meditation apps”?|google search
Google a tutorial on knitting a scarf|google search
Look up a site that compares car insurance rates|google search
Search the web for vegan dinner ideas|google search
Find a link to the official Python documentation|google search
Search for a website showing world population stats|google search
Google “how to start a podcast” for me|google search
Open Google and search for soil testing labs near me|google search
Pull up a browser result for the latest Nobel Prize winners|google search
Look up a PDF of Shakespeare's Sonnets|google search
Use Google to find open-source image editors|google search
Search online for best practices in UX design|google search
Find a website that teaches basic guitar chords|google search
Google search for top-rated laptops under $500|google search
Open a browser and search for mindfulness exercises|google search
Search the web for famous architectural landmarks|google search
Look up a link to register for a Udemy course|google search
Search Google for movie showtimes near Golaghat|google search
Find a webpage listing public holidays in India|google search
Search Google for latest breakthroughs in AI|google search
Open the browser and look up “how to write a resume”|google search
Find a website with free stock photos|google search
Search Google for vegetarian meal plans|google search
Pull up a link to download VLC media player|google search
Use Google to find yoga class schedules|google search
Search online for beginner's guide to Bitcoin|google search
Look up a trusted website for mental health resources|google search
Search Google for the recipe to make sourdough bread|google search
Open Google and search for “best podcasts about history”|google search
Find a link to subscribe to a science newsletter|google search
Search the web for remote job openings|google search
Use Google to search for free online puzzles|google search
Search Google for wildlife conservation organizations|google search
Open the browser and search for local recycling centers|google search
Find a webpage on basic first aid procedures|google search
Search Google for distance between Delhi and Mumbai|google search
Look up a website that tracks space launches|google search
Search the web for guide to birdwatching|google search
Google search for secrets of magic tricks|google search
Open Google and search for guitar tab for “Imagine”|google search
Find a link to download the EPUB of “1984”|google search
Search online for best eco-friendly products|google search
Use Google to find TED Talks on leadership|google search
Search Google for tips on public speaking|google search
Look up a site for free online chess games|google search
Find a webpage detailing DIY home repairs|google search
Search the web for top travel blogs|google search
Open Google and search for “how to fix a leaky faucet”|google search
Find a link to donate to literacy programs|google search
Search Google for local farmers'markets|google search
Open a browser and look up free language exchange sites|google search
Search the web for sustainable fashion brands|google search
Google search for guide to composting at home|google search
Find a webpage about marine biology research|google search
Search online for best RPG video game reviews|google search
Use Google to search for art galleries in London|google search
Search Google for the formula of table salt|google search
Search Google for symptoms of dengue fever|google search
Look up a browser link about solar panel installation|google search
Search for websites teaching French for beginners|google search
Google the distance between Earth and Mars|google search
Find me a trusted link about earthquake safety|google search
Search Google for top web design portfolios|google search
Look up government schemes for small businesses|google search
Search online for how to register a domain name|google search
Pull up a web page explaining VPN benefits|google search
Find a blog post on effective journaling|google search
Use Google to check train times to Guwahati|google search
Search for a PDF on computer architecture|google search
Google search for electric vehicle charging stations|google search
Open a browser and search for bullet journal ideas|google search
Search the internet for keyboard shortcuts in Excel|google search
Look up best places to stay in Shillong|google search
Search for an academic paper on climate anxiety|google search
Search Google for tax filing deadlines in India|google search
Find a trustworthy article on parenting advice|google search
Open Google and look up symptoms of burnout|google search
Search the web for rules of badminton|google search
Google: benefits of drinking more water|google search
Find me a website comparing broadband plans|google search
Search online for book summary of “Atomic Habits”|google search
Look up how to get a passport in India|google search
Use Google to search for internship opportunities|google search
Search Google for recipes without sugar|google search
Find a blog that teaches productivity hacks|google search
Google “how to check internet speed”|google search
Search a website for types of logical fallacies|google search
Open Google and look up public speaking tips|google search
Look for a webpage on dog breeds for apartments|google search
Search Google for latest cricket world cup stats|google search
Find a downloadable guide on ethical hacking|google search
Look up online voting eligibility rules|google search
Use Google to find quick dinner recipes|google search
Search for the top news sites in India|google search
Google the definition of quantum entanglement|google search
Search Google for best free cloud storage apps|google search
Find a link about the cultural history of Assam|google search
Search online for wildlife sanctuaries in India|google search
Look up a reliable source on the stock market crash|google search
Find a web article about mindfulness for teens|google search
Search Google for official football rules|google search
Use Google to find downloadable resume templates|google search
Open a browser and look for top freelancing websites|google search
Google: how to check Aadhaar card status|google search
Search online for pros and cons of remote work|google search
Find a website that teaches digital drawing|google search
Look up official site of National Digital Library|google search
Open Google and search for career coaching programs|google search
Look up a website selling vintage records|google search
Find a link to access the WHO health guidelines|google search
Search the web for tips on writing fiction|google search
Search Google for city bike rental services|google search
Open a browser and search for “how to make kombucha”|google search
Find a webpage listing endangered species|google search
Search online for podcast hosting platforms|google search
Use Google to find local gym membership deals|google search
Search the web for digital marketing strategies|google search
Open Google and search for beginner photography tutorials|google search
Find a link to stream live cricket matches|google search
Search Google for tips on minimalistic living|google search
Open a browser and look up the origin of the piano|google search
Find a website that tracks cryptocurrency prices|google search
Search the web for cloud storage services comparison|google search
I need the date with time|google search
Lock the screen now|system
Restart my PC right away|system
Shut down everything, now|system
Turn off the computer completely|system
Reboot the entire system|system
Put the device to sleep|system
Initiate system restart, please|system
Can you log me out?|system
Make the display go dark|system
Hibernate the laptop|system
Trigger system shutdown|system
Mute all system sounds|system
Boost the volume to max|system
Lower the brightness a bit|system
Access the control panel|system
Switch off the desktop|system
Open system preferences|system
Turn on airplane mode|system
Enable dark mode|system
Start the maintenance process|system
Shut down the OS now|system
Adjust the screen resolution|system
Drop the volume by 30%|system
Silence all notifications|system
Put my computer into sleep mode|system
Kill all background processes|system
Launch system update manager|system
Apply night light filter|system
Open up device settings|system
Disable Bluetooth completely|system
Disconnect all peripherals|system
Force restart the system|system
Check for system updates|system
Block all pop-up alerts|system
Turn off Wi-Fi|system
Log out from this user account|system
Activate do not disturb mode|system
Stop background syncing|system
Power down the entire unit|system
Lock everything right now|system
Wake the system from sleep|system
Drop the screen timeout to 1 min|system
Switch power mode to saver|system
Exit full screen and lock|system
Pull up the system dashboard|system
Restart all services|system
Reset the network settings|system
Force quit everything and reboot|system
Go to battery settings|system
Shut down and lock|system
Optimize the system memory|system
Scan for threats in system files|system
Clean up disk space|system
Pause all active tasks|system
Disable the camera|system
Kill non-essential processes|system
Run a system diagnostics check|system
Trigger emergency shutdown|system
Reload OS modules|system
Start auto-repair sequence|system
Clear all RAM cache|system
Unplug virtual drives|system
Deactivate GPS sensor|system
Reduce CPU usage|system
Boost GPU for performance|system
Switch graphics mode|system
Launch BIOS settings|system
End all user sessions|system
Open device manager|system
Turn on power saving|system
Access terminal for system commands|system
Switch workspace view|system
Kill all tabs and reboot|system
Exit user session and lock|system
Apply system tweaks now|system
Go silent mode system-wide|system
Change system font size|system
Move to safe mode|system
Pause all OS activities|system
Restore factory defaults|system
Abort current OS state|system
Show system logs|system
Launch settings menu|system
Mute every single app|system
Shut off microphone access|system
Force a hard reboot|system
Block background data|system
Refresh drivers|system
Change performance settings|system
Exit current mode and restart|system
Open accessibility options|system
Restart in safe config|system
Trigger admin control|system
Open network control panel|system
Shutdown with no prompts|system
Reboot silently|system
Turn off notifications across system|system
Restart everything from scratch|system
Power off the machine immediately|system
Lock the workstation now|system
Reduce the screen brightness drastically|system
Set volume to 50 percent|system
Switch off the device manually|system
Put this system on standby|system
Initiate shutdown protocol|system
Engage screen lock right away|system
Open system configuration panel|system
Launch advanced settings|system
Activate system control center|system
Power cycle the device|system
Do a clean system reboot|system
Switch user and lock screen|system
Put the system into low-power mode|system
Silence the system instantly|system
Dim the screen a little|system
Change wallpaper through system|system
Reopen system services|system
Pause operating system temporarily|system
Enable firewall protection|system
Open task manager window|system
End all sessions securely|system
Switch off automatic updates|system
Reconnect system audio|system
Trigger hardware diagnostics|system
Flush DNS cache|system
Toggle safe mode boot|system
Enable developer options|system
Restart the graphic server|system
Clear system log files|system
Initiate root access tools|system
Start BIOS recovery|system
Lock down the entire device|system
Put PC to hibernate state|system
Reconnect Wi-Fi via system settings|system
Shut down via command line|system
Trigger OS maintenance|system
Put screen in grayscale mode|system
Apply quiet hours mode|system
Show battery usage stats|system
Switch thermal mode to performance|system
Restrict background activity|system
Start user account control|system
Reconfigure time and date settings|system
Access boot menu options|system
Max out system brightness|system
Reboot into firmware settings|system
Shut everything and sleep|system
launch YouTube|system
run the close_disk utility|system
run system shutdown check (don't close apps)|system
restart the system|system
update the software|system
check disk space|system
reboot the device|system
get system status|system
show system logs|system
run diagnostics|system
clear cache|system
install updates|system
check memory usage|system
run a virus scan|system
show CPU load|system
monitor network|system
configure settings|system
optimize performance|system
backup system|system
check for errors|system
shut down server|system
scan for malware|system
update firmware|system
set system time|system
enable developer mode|system
disable notifications|system
show running processes|system
adjust brightness|system
check for patches|system
shutdown all open applications|system
restart and apply updates|system
start the system diagnostics|system
launch the backup utility|system
initiate emergency shutdown|system
run memory cleanup process|system
execute system reboot now|system
trigger antivirus scan|system
power off the device safely|system
run disk defragmenter|system
shutdown after saving all files|system
restart system services|system
begin system performance check|system
close all background processes|system
initiate power-saving mode|system
execute firmware update|system
run system restore tool|system
perform scheduled restart|system
initiate logout and shutdown|system
start system maintenance mode|system
run network diagnostics|system
shutdown after installing updates|system
restart device after backup|system
enable system firewall|system
disable unnecessary services|system
execute system cleanup|system
trigger system freeze recovery|system
start system monitoring tool|system
run system security audit|system
power down peripherals|system
execute safe mode restart|system
run software update check|system
begin system error log review|system
initiate system calibration|system
shutdown after virus scan|system
restart system with verbose logging|system
run system configuration backup|system
activate system restore point|system
execute device driver update|system
power cycle network adapter|system
start system diagnostics report|system
run system resource monitor|system
execute quick system reboot|system
initiate system shutdown timer|system
run full hardware scan|system
power off after system freeze|system
trigger reboot after crash|system
Hey, can you restart my phone?|system
Please shut down my laptop now|system
Turn off the computer for me|system
Restart the system and install updates|system
Can you close all my open apps?|system
Power off the device when you're done|system
Run a full system scan and then reboot|system
Start the system cleanup process|system
Shut down after saving my work|system
Can you reboot my machine now?|system
Turn off Bluetooth and then shut down|system
Please put my computer into sleep mode|system
Restart without losing any files|system
Close all background apps and restart|system
I want to shut down but keep apps open|system
Run system diagnostics and report back|system
Power cycle the router and then reboot|system
Schedule a system restart for midnight|system
Start system updates and reboot after|system
Can you power down the device safely?|system
Run antivirus and then restart system|system
Shut down after backup completes|system
Reboot my phone and clear cache|system
Put the device into airplane mode and reboot|system
Cancel the shutdown and keep device on|system
Run system restore to last checkpoint|system
Restart system with minimal apps running|system
Can you reboot the computer remotely?|system
Turn off my laptop after this meeting|system
Shut down all open applications now|system
Put the device to sleep in 10 minutes|system
Restart after closing all files|system
Run disk cleanup and then restart|system
Power off after installing updates|system
Please reboot and optimize system speed|system
Activate safe mode and restart|system
Run memory test and then reboot|system
Schedule shutdown in 30 minutes|system
Restart system but keep network active|system
Reboot device after logging out|system
Turn off after saving progress|system
Run system update without reboot|system
Please restart my computer now|system
Shut down and delete temp files|system
Put device into hibernate mode|system
Restart system and clear temp data|system
power off after closing apps|system
reboot once all windows are closed|system
turn off after saving progress|system
execute shutdown after cleanup|system
initiate shutdown sequence now|system
restart the OS after logout|system
power cycle once all services stop|system
trigger shutdown if idle|system
perform system shutdown on command|system
execute full reboot immediately|system
shut down after backup completes|system
restart machine once updates finish|system
power off device at end of day|system
shutdown my computer right now|system
restart the laptop|system
turn off this device|system
reboot the whole system|system
power off everything|system
perform a full system shutdown|system
initiate system restart|system
execute a soft reboot|system
trigger a forced shutdown|system
restart the machine immediately|system
shut down the laptop fully|system
do a clean system reboot|system
power cycle this device|system
restart the system services|system
restart the app|system
reboot your core|system
shutdown the computer|system
restart my laptop|system
turn off the machine|system
shut down everything|system
check your system health|system
shutdown the database|system
restart my device|system
check for system updates|system
reboot the machine|system
scan system integrity|system
mount the file system|system
verify system configuration|system
deploy system patch|system
diagnose system errors|system
flush system cache|system
initiate system health check|system
load system modules|system
show system status|system
clear all cached data|system
trigger close_thread process|system
access close_window syscall|system
close all system handles|system
execute the “close_port” command|system
check system status|system
update system firmware|system
boot the server|system
start Spotify|system
open system monitor|system
take a screenshot|system
increase volume|system
mute the microphone|system
reduce brightness|system
show battery status|system
how much RAM is free?|system
put the system to sleep|system
what's the CPU usage?|system
turn on night light|system
open settings|system
restart the device|system
enable bluetooth|system
disable Wi-Fi|system
open the terminal|system
clean junk files|system
shut down the PC|system
show me disk space|system
fire up the browser|system
I need the calculator|system
bring up my files|system
open settings menu|system
turn on WhatsApp|system
restart my PC|system
turn up the volume|system
mute the speakers|system
shutdown system|system
enable Wi-Fi|system
put system to sleep|system
decrease brightness|system
activate dark mode|system
turn off Bluetooth|system
can you lower the brightness a bit?|system
crank down the volume now|system
turn airplane mode on|system
get me into focus mode|system
disable notifications for a while|system
flip on battery saver|system
disconnect from Wi-Fi|system
pause all background apps|system
switch display to night mode|system
go silent mode, Nisha|system
can you log me out?|system
boost system speed if you can|system
flush the RAM or whatever you do|system
kill background noise|system
turn on do not disturb|system
swap to performance mode|system
force close all other apps|system
refresh this system or something|system
kick in turbo mode|system
cut the lights. dark mode ON.|system
open task manager please|system
trigger lock mode|system
disable background updates|system
refresh my desktop|system
empty the recycle bin|system
switch to high performance mode|system
clean temp files|system
run a quick system cleanup|system
optimize the hard disk|system
scan for updates|system
go to device manager|system
force restart the system|system
toggle full-screen mode|system
scan this PC for viruses|system
boost system performance|system
run disk cleanup|system
show battery percentage|system
put this computer in hibernate mode|system
switch to external monitor|system
disable touchpad|system
turn on hotspot from PC|system
adjust screen resolution|system
check battery status|system
increase the brightness|system
shutdown computer|system
turn off Wi-Fi|system
restart my laptop ASAP|system
power off everything, I'm done|system
put it on flight mode now|system
stop all running programs|system
turn off this device completely|system
go dark. no Wi-Fi, no noise|system
silence every beep and ping|system
reduce brightness to the lowest|system
clear the system memory|system
shut down, no questions asked|system
mute every single sound output|system
bring the brightness all the way down|system
lock it down like Fort Knox|system
turn this thing off like a boss|system
change the power plan|system
start a system restore|system
check CPU usage|system
limit background apps|system
scan this laptop for issues|system
diagnose PC problems|system
show me system info|system
free up some RAM|system
toggle tablet mode|system
reduce fan noise if possible|system
I want to browse|system
start the alarm app|system
open Twitter|system
start LinkedIn|system
fire up the messaging app|system
bring up my documents folder|system
open the sound settings|system
start the podcast player|system
turn on the news feed|system
open my photo gallery|system
launch Google Drive|system
I want to view my calendar|system
access my to-do list|system
start the video editor|system
bring up the search bar|system
start the VPN client|system
open the system preferences|system
launch my text editor|system
open the game store|system
start the video call app|system
bring up the notification center|system
bring up the terminal|system
launch mail app|system
activate the data sync center|system
boot up the local server stack|system
turn on dev mode utilities|system
fire up debugging console|system
open backend services dashboard|system
get my browser, console and logs running|system
kickstart remote access tools|system
open the latency tracking panel|system
start my multi-app launcher|system
restore last session's environment|system
open the build monitor|system
pull up frontend and backend tools|system
launch the productivity cockpit|system
connect to Git workflow dashboard|system
summon terminal, browser, and IDE|system
ignite the automation toolkit|system
open project shell plus preview pane|system
start Telegram|system
boot up VS Code|system
pull up Discord|system
let's launch Netflix|system
get Slack up and running|system
launch the AI dashboard|system
I wanna check Google Docs|system
pop open the downloads folder|system
launch voice recorder|system
bring up the dev tools|system
run the virtual machine|system
open the mind map tool|system
boot the AI art app|system
bring up game launcher|system
crack open the password vault|system
jump into GitHub desktop|system
time to open the finance tracker|system
start my reading list|system
load the creative suite|system
open the server monitor|system
start the Git client|system
show me the automation settings|system
boot up my dashboard view|system
launch the multitasking grid|system
turn on game mode|system
switch audio output to speakers|system
switch audio to headphones|system
flip on the quick settings menu|system
wake up the power settings screen|system
call up my clipboard manager|system
open the screen snipping tool|system
start the audio mixer|system
pull up my wallpaper settings|system
bring up display calibration panel|system
check system notifications|system
launch startup app manager|system
pop open the app drawer|system
run the process monitor|system
start the USB device manager|system
initiate software updater|system
trigger the performance monitor|system
scan this machine for junk|system
summon the admin settings|system
display storage usage|system
connect me to external display|system
switch power mode to balanced|system
enable touch screen controls|system
wake the GPU control panel|system
go full screen on this app|system
activate gesture controls|system
dim the backlight now|system
kick off idle timeout|system
load the personalization hub|system
bring up system search|system
pull up keyboard settings|system
mute mic input|system
unmute the mic|system
check system temperature|system
toggle HDR display mode|system
flip on color filter settings|system
show me which app uses network|system
call up the task switcher|system
display running tasks|system
pause system updates|system
open screenshot gallery|system
run security check|system
open permissions manager|system
Put on something energetic, I need to hype up|play
Fire up my chill beats playlist|play
Let's jam to some retro hits|play
Start the party mix, now|play
Queue my driving playlist, let's roll|play
Give me something lo-fi to vibe to|play
Launch some upbeat tracks for the mood|play
Play that song I looped yesterday|play
Spin some classical tunes for focus|play
Hit me with that workout mix|play
Can you shuffle my top tracks?|play
Start my evening jazz routine|play
Get those 90s bangers going|play
Let's get some ambient rain sounds|play
Play something to help me study|play
Time for some dark academia vibes|play
Drop that new rap track by Drake|play
Play the audio from that comedy podcast|play
Run the full album from Taylor Swift|play
Kick off my meditation playlist|play
Spin up some K-pop hits|play
Drop the weekend chill mix|play
Turn on music that's good for coding|play
Start those live concert recordings|play
Just surprise me with a random song|play
Wake me up with some loud rock|play
Play me some synthwave magic|play
Throw in a mix of Hindi romantic songs|play
I'm in a sad boy mood — music please|play
Stream that acoustic set you found|play
Put on the latest trending tunes|play
Let's blast some motivational songs|play
Play something loud and chaotic|play
Boot up that playlist with frogs and rain|play
Let's go with some indie pop|play
Crank up those Afro beats|play
Give me background music for cooking|play
Start the horror podcast — I'm ready|play
Give me cozy instrumental tunes|play
Play that viral reel sound|play
I need movie scores to write to|play
Just loop my liked songs forever|play
Play whatever I played this morning|play
Shuffle my “Focus Flow” list|play
Cue that epic trailer music|play
Let's blast roadtrip songs|play
Put on tracks for cleaning the house|play
Play the anthem I always headbang to|play
Let's go with soft piano melodies|play
Start the Bollywood dance bangers|play
Play something with a heavy bass|play
Put on emotional instrumental vibes|play
Give me theme songs from TV shows|play
Hit me up with some old school hip-hop|play
Start the Sunday morning chill playlist|play
Crank some heavy metal to wake me up|play
Put on smooth R&B vibes for tonight|play
Spin the top charts from this week|play
Play something to get me pumped for the gym|play
Queue up my favorite podcasts|play
Launch some reggae for the beach day|play
Drop the soundtrack from Inception|play
Give me tunes for a romantic dinner|play
Play a mix of summer hits and classics|play
Start that jazzy coffee shop playlist|play
Turn on upbeat pop to boost my mood|play
Play that song with the catchy chorus|play
Shuffle the indie rock collection|play
Put on some folk music to relax|play
Start a playlist for a road trip|play
Play something with lots of guitar solos|play
Throw on a bunch of electronic dance tracks|play
Play the latest single by my favorite artist|play
Cue up some motivational speeches with background music|play
Let's listen to some bluegrass tunes|play
Put on some party anthems for tonight|play
Play a selection of classical piano pieces|play
Start a playlist of cover songs|play
Play music from the 80s and 90s|play
Turn on some chillwave beats|play
Give me some ambient noise for deep focus|play
Play a playlist of movie soundtracks|play
Spin some upbeat Latin music|play
Put on a mix for a yoga session|play
Play songs with female vocals only|play
Start a collection of vinyl-record-style tracks|play
Play a mix of songs from video games|play
Throw on some classic rock hits|play
Put on some upbeat funk tunes|play
Start the workout playlist with high tempo|play
Play songs for a cozy rainy day|play
Cue a playlist for creative writing|play
Play some iconic protest songs|play
Put on some traditional folk music|play
Start the meditation music collection|play
Play a playlist of acoustic guitar songs|play
Throw on some experimental music|play
Start a playlist for a summer barbecue|play
Put on some electronic chillout music|play
Play songs with strong bass lines|play
Spin some smooth jazz for late night|play
Play songs from indie artists only|play
Put on a mix of songs in different languages|play
Start a playlist for dancing around the house|play
Could you start my favorite playlist?|play
Play some music for me|play
Start playing my workout playlist|play
Play a romantic song|play
Can you play lo-fi beats?|play
Stream my favorite movie|play
Play a stand-up comedy show|play
Play the next episode of that series|play
Put on some jazz|play
Play a song from Imagine Dragons|play
Can you stream a documentary?|play
Play a video on space exploration|play
Play something upbeat|play
Launch the party playlist|play
Start streaming anime episodes|play
Play a chill instrumental track|play
Play relaxing sounds|play
Stream a thriller movie|play
Play background music while I work|play
Put on that action film I like|play
Play some ambient rain sounds|play
Start the latest episode of the podcast|play
Can you play dance music?|play
Play something acoustic|play
Stream a cooking show|play
Play the trailer of the new Marvel movie|play
Play meditation music|play
Fire up the 90s hits playlist|play
Play audio from my favorites|play
Play nature sounds to help me sleep|play
Start the daily news podcast|play
Play instrumental piano music|play
Stream a motivational video|play
Play Hindi songs|play
Play a classical music piece|play
Put on some EDM tracks|play
Play audio from the last recording|play
Play the intro music for the event|play
Stream some background jazz|play
Play bedtime lullabies|play
Start my “focus mode” music|play
Play the opening theme from Naruto|play
Put on a fantasy movie|play
Play some pop hits|play
Stream a live concert|play
Play chillhop beats|play
Play a YouTube playlist of relaxing music|play
Start playing cinematic background music|play
Play the soundtrack of Inception|play
Play the audio guide|play
Stream a romantic comedy movie|play
Play ambient café sounds|play
Start the audiobook I downloaded|play
Play a travel vlog video|play
Put on a nature documentary|play
Play the next queued song|play
Play deep focus music|play
Start an audio-only stream|play
Play a bedtime story|play
Play my saved songs|play
Start the chill vibes playlist|play
Stream the weekend mix|play
Play the trailer of Dune|play
Put on my favorite artist|play
Play the latest music video|play
Play that catchy song again|play
Stream some ambient noise|play
Play my top songs of the year|play
Start the upbeat playlist|play
Play the soundtrack from Interstellar|play
Stream a relaxing spa playlist|play
Play live radio|play
Play the next song in the queue|play
Start playing white noise|play
Play the audio version of this article|play
Play something from Spotify|play
Stream a crime thriller episode|play
Put on the morning podcast|play
Play that YouTube song I liked|play
Start a Netflix movie|play
Play a soft instrumental track|play
Stream my sleep playlist|play
Play some indie rock music|play
Start the bedtime audio playlist|play
Play that old Bollywood song|play
Stream a TED Talk video|play
Play a loop of nature sounds|play
Start playing the audio lecture|play
Play something to help me focus|play
Play music from my liked list|play
Start the road trip playlist|play
Play a YouTube short|play
Stream my meditation mix|play
Play a song with no lyrics|play
Play a piano solo|play
Stream an action film|play
Play a classic rock song|play
Start my gym playlist|play
Play the song I played last night|play
Stream a stand-up act from YouTube|play
Play something energetic|play
Play a video about space on YouTube|play
Start the deep work soundtrack|play
Play the voice note recording|play
Stream a kids'cartoon episode|play
Play jazz and blues|play
Start the driving mix|play
Play a bedtime story audiobook|play
Stream a relaxing ocean wave loop|play
Play the intro music of the podcast|play
Start the playlist for yoga|play
Play lo-fi for study|play
Play a nostalgic pop hit|play
Stream an indie movie|play
Play audio with ambient lighting sounds|play
Start the next chapter of this audiobook|play
Play a nature vlog video|play
Stream the top chart songs|play
Stream a music video|play
Play some chill beats for me|play
Start the latest episode of my podcast|play
Queue up the new Drake track|play
Let's listen to some classic rock|play
Play my workout playlist|play
Put on some jazz tunes|play
Spin that new pop song|play
Start the movie trailer|play
Play the next song in the list|play
Fire up that gaming playlist|play
Play those funny cat videos|play
Hit play on the relaxing sounds|play
Pump up the party music|play
Play some 90s hip hop|play
Start the audiobook from chapter five|play
Play the highlights from yesterday's game|play
Put on some Bollywood hits|play
Play the news podcast|play
Start the meditation session audio|play
Play the latest K-pop release|play
Queue the top hits from this year|play
Play my study mix|play
Put on the classical piano pieces|play
Spin the reggae playlist|play
Play the newest single by Taylor Swift|play
Start the soccer match replay|play
Play some heavy metal tracks|play
Put on that comedy podcast|play
Play the latest movie soundtrack|play
Queue the top trending songs|play
Start the radio station|play
Play some electronic dance music|play
Put on the kids'playlist|play
Play the documentary audio|play
Spin the indie rock hits|play
Play the audiobook for my book club|play
Start the yoga session playlist|play
Play the top rap tracks|play
Put on the holiday music mix|play
Play the podcast about tech news|play
Spin some acoustic guitar songs|play
Play the motivational speech audio|play
Start the live concert recording|play
Play the new jazz album|play
Put on the country music playlist|play
Play some chillwave tunes|play
Start the classical music radio|play
Play the interview with the author|play
Queue the latest pop hits|play
start playing something chill on Spotify|play
fire up my workout playlist on Spotify|play
resume the last track in the music app|play
play lo-fi beats in the background|play
launch my Sunday morning vibes list|play
put on something jazzy from Spotify|play
fire up my “Focus Mode” playlist from the app|play
start audio playback from local files|play
kick off my saved tunes on the default player|play
play that song I liked on Spotify yesterday|play
shuffle my all-time favorites|play
crank up the road trip jams playlist|play
play the most recent album I downloaded|play
put on some acoustic tracks from my library|play
resume music from where I left off|play
load up that moody playlist I made last week|play
play my sleep sounds playlist|play
get the music going from my offline collection|play
start the “coding bangers” mix|play
open up Spotify and hit play on my queue|play
fire off some rap bangers from the app|play
trigger the party playlist in the music app|play
run the tracks from the driving playlist|play
drop some classic rock from my collection|play
play the first thing in my music folder|play
cue up those relaxing nature sounds|play
shuffle through my ‘90s hits list|play
fire up something soft and instrumental|play
resume my music on the Bluetooth speaker|play
get the audio going on the home setup|play
play the latest trending hits on Spotify|play
fire my “Top 100 India” list on the app|play
start the beats for my evening chill|play
open music player and hit play on my queue|play
get me some ambient vibes now|play
run a mix of R&B and soul from Spotify|play
play something from my downloaded albums|play
fire up the playlist I made for walking|play
start my recent jam session playlist|play
stream upbeat songs from my library|play
throw on something mellow through the app|play
blast the hype mix from my saved songs|play
fire up my mood-based daily mix|play
launch my early 2000s playlist from Spotify|play
play the track I looped all day yesterday|play
start that live set I saved last month|play
queue up anything with chillstep vibes|play
get my house mix running on Spotify|play
open the music app and resume playback|play
trigger some nostalgic tunes from high school|play
fire off the latest Punjabi hits from Spotify|play
roll out my instrumental beats folder|play
pull up my “focus without lyrics” mix|play
set the vibe with indie rock from my library|play
load the bedtime mix and play softly|play
fire up my morning motivation tracks|play
play my saved songs over Bluetooth|play
put on some peaceful piano melodies|play
resume where I left off in the music app|play
stream my downloaded chillhop playlist|play
activate my trance playlist from Spotify|play
turn on my favorite EDM tracks|play
open the music folder and start the last played track|play
queue the lo-fi cafe mix I use to study|play
get the shuffle going on my music player|play
fire up romantic tunes from my collection|play
put that chillwave playlist on loop|play
launch the ambient pad mix from the local app|play
stream regional hits from the app|play
play some mellow instrumental beats|play
set up that chill jazz list from Spotify|play
start playing that soulful vocal playlist|play
resume the last played audio track|play
play my “late night driving” mix|play
bring up my offline downloaded songs|play
start the techno mix I made last week|play
put on something energetic from Spotify|play
fire up lo-fi with rainfall sounds in the back|play
run my focus playlist on low volume|play
get some Bollywood classics going on the app|play
launch the heavy metal album I saved|play
start the nature + flute combo playlist|play
play my trance energy list for the gym|play
fire up that deep house track I liked|play
bring the local player back online and start playing|play
open my most used playlist and play anything|play
shuffle my driving mix from saved songs|play
put on that one song I play every morning|play
get the Spotify queue rolling|play
restart music from where it stopped|play
kickstart the local artist playlist|play
activate the “mood lifter” mix I made|play
drop some Indian fusion tracks|play
load the beats folder and start playing|play
fire up something old-school and groovy|play
turn on my “chill + coffee” morning blend|play
stream the relaxing guitar playlist from my app|play
pull up the latest audio drop from Spotify|play
resume my last vibe session mix|play
I feel like listening to some jazz.|play
Let's hear some upbeat tunes.|play
Can you put on some relaxing music?|play
I'd like to hear the latest hits.|play
fire up me a classic vinyl hit|play
Stream the latest hip-hop drops|play
Cue up that ambient sleep mix|play
Drop the new electronic EP|play
Hit the 80s rock anthems|play
Fire up the chillwave playlist|play
Put on some breakfast jazz|play
Start the indie discovery mix|play
Pump up some garage punk|play
Stream some classic blues tunes|play
Bring up the synthwave beats|play
Launch the midnight jazz session|play
Open the reggae dancehall mix|play
Fire up some bluegrass tracks|play
Put on the cinematic soundtrack|play
Start the uplifting gospel playlist|play
fire up the underground hip-hop mix|play
Roll the tribal drum rhythms|play
Initiate the acoustic singer-songwriter set|play
Cue the post-punk revival songs|play
Turn on the electronic dance anthems|play
Dial up some chill trap instrumentals|play
Trigger the soulful neo-soul tracks|play
Activate the Latin pop hits|play
Stream the classic rock ballads|play
Pump the tropical house playlist|play
Launch the ambient nature sounds|play
Play the funky disco grooves|play
Send over the psychedelic rock collection|play
Start the jazz standards session|play
Pop the old school rap classics|play
Set the mood with flamenco guitar|play
Load the soul classics lineup|play
Run the vaporwave aesthetic mix|play
Cue the new wave synth hits|play
Open the folk revival tracks|play
Bring the psychedelic trance mix|play
Fire off the orchestral film scores|play
Turn up the upbeat ska tunes|play
Start the mellow indie pop session|play
Stream the EDM drops of the year|play
Load the classic Motown hits|play
Roll out the soulful blues harmonica|play
Activate the acoustic chill playlist|play
Send the upbeat funk anthems|play
Engage the modern jazz quartet|play
Queue the uplifting pop rock tracks|play
Play the deep house grooves|play
Trigger the Celtic harp melodies|play
Unleash the reggae roots playlist|play
Roll the Latin jazz numbers|play
Stream the classic Broadway hits|play
Load the indie rock anthems|play
Pump up the glam rock tunes|play
Play the blues rock jam session|play
Start the chillhop beats collection|play
Turn on the traditional folk songs|play
Bring up the electro-pop hits|play
Cue the vintage country classics|play
Launch the smooth R&B melodies|play
Fire up the instrumental hip-hop beats|play
Play the jazzy piano solos|play
Roll the upbeat disco hits|play
Start the experimental electronica|play
Load the dreamy synthpop set|play
Play the romantic ballad tracks|play
Stream the darkwave tunes|play
Trigger the indie electronic sounds|play
Cue the soulful gospel choir|play
Turn on the alternative rock playlist|play
Launch the retro pop hits|play
Play the world music fusion|play
Fire off the lo-fi study beats|play
Stream the beach reggae vibes|play
Start the instrumental guitar solos|play
Load the folk storytelling songs|play
Pump up the classic disco party mix|play
Play the smooth jazz lounge|play
Roll out the progressive rock tunes|play
Bring up the EDM festival anthems|play
Cue the mellow acoustic melodies|play
Fire the classic pop ballads|play
Start the indie dream pop tracks|play
Play the tropical beats mix|play
Turn on the hip-hop underground hits|play
Launch the vintage soul session|play
Stream the world percussion rhythms|play
Roll the upbeat electro-funk jams|play
fire up some classic Motown hits|play
Stream the new jazz lounge tracks|play
Fire up the chillstep playlist|play
Bring on the soulful blues jams|play
Launch the folk acoustic session|play
Set the vibe with mellow R&B|play
Put on some synth-pop classics|play
Start the lo-fi hip-hop beats|play
Cue the dance pop favorites|play
Roll out the indie electronic hits|play
Play the energetic ska revival|play
Load the vintage rock ballads|play
Trigger the tropical house sounds|play
Engage the cinematic soundtrack tunes|play
Drop the neo-soul playlist|play
Turn up the high-energy techno|play
Play the reggae festival anthems|play
Stream the piano jazz collection|play
Pump the upbeat disco tracks|play
Activate the alternative pop hits|play
Unleash the classic rock ‘n'roll|play
Launch the ambient electronic mix|play
Play the acoustic guitar session|play
Fire off the soulful gospel tunes|play
Roll the funk and soul classics|play
Bring on the synthwave chillout|play
Start the Latin dance party tracks|play
Stream the orchestral film scores|play
Set the mood with classic country|play
Load the upbeat indie rock tunes|play
Trigger the experimental jazz fusion|play
Play the blues rock anthems|play
Cue the dancehall reggae playlist|play
Roll out the new wave hits|play
Turn on the dreamy synth textures|play
Engage the classic pop hits|play
Fire the tropical reggae vibes|play
Stream the instrumental guitar ballads|play
Pump the jazz standards playlist|play
Activate the deep house anthems|play
Play the vintage soul grooves|play
Start the piano instrumental mix|play
Roll out the post-punk tunes|play
Bring on the upbeat funk jams|play
Set the scene with ambient soundscapes|play
Load the indie folk storytelling|play
Trigger the electronic dance hits|play
Play the mellow acoustic ballads|play
Stream the classic hip-hop tracks|play
Cue the high-energy rock songs|play
Fire up the chillout lounge mix|play
Turn on the romantic pop ballads|play
Load the world music rhythms|play
Play the synthpop revival tracks|play
Roll out the energetic trance tunes|play
Bring on the classic jazz numbers|play
Start the upbeat pop punk hits|play
Stream the smooth R&B tunes|play
Pump the vintage disco beats|play
Activate the experimental electronica|play
Play the soulful blues harmonica|play
Fire off the indie rock anthems|play
Cue the mellow lo-fi beats|play
Roll out the tropical house party|play
Stream the cinematic scores|play
Bring on the vibrant salsa rhythms|play
Play the acoustic coffeehouse mix|play
Start the garage rock classics|play
Load the classic country ballads|play
Trigger the melodic pop tunes|play
Fire up the upbeat jazz fusion|play
Roll out the energetic EDM hits|play
Stream the dreamy folk melodies|play
Play the punk rock revival tracks|play
Turn on the lush orchestral pieces|play
Load the relaxing piano solos|play
Bring on the soulful neo-soul vibes|play
Start the vintage funk party|play
Stream the ambient chill tracks|play
Cue the electronic synth hits|play
Play the reggae roots classics|play
Roll out the indie pop sensations|play
Trigger the smooth jazz ballads|play
Fire off the high-tempo techno|play
Load the world percussion beats|play
Start the acoustic folk hits|play
Stream the classic rock anthems|play
Bring on the upbeat disco party|play
Play the mellow soul tunes|play
Turn on the psychedelic rock|play
Launch the vibrant electronic mix|play
Play the cinematic orchestral pieces|play
Start the punk rock classics|play
Load the samba and bossa nova hits|play
Launch the acoustic coffeehouse set|play
Dial up the funk grooves|play
Pipe in some morning motivation tracks|play
Set the mood with smooth bossa nova|play
Unload the pop punk essentials|play
Trigger the lo-fi beats for studying|play
Initiate the heavy metal showcase|play
Unleash the reggae rhythms|play
Activate the orchestral score collection|play
Roll out the country hits parade|play
Turn on the synthwave compilation|play
Unmute the top R&B performances|play
Cue the dancehall chart-toppers|play
Kick off the TED talks playlist|play
Load the meditation soundscape|play
Engage the punk revival session|play
Run the house music marathon|play
Open the world fusion anthology|play
Invoke the morning workout mix|play
Launch the evening unwind tracks|play
Head into the driving beats selection|play
Initialize the holiday carols mix|play
Load up some cinematic themes|play
Trigger the vinyl-only session|play
Pop on the country classics|play
Play me some instrumental piano pieces|play
Crank up the garage rock lineup|play
Roll the rain sound ambient loop|play
Bring on the surf-rock vibes|play
Send out the gospel choir recordings|play
Initiate the sitar meditation series|play
Cue the Broadway musical collection|play
Activate the EDM festival set|play
Queue the mythic game soundtracks|play
Fire off the sunrise yoga tunes|play
Launch the deep house journey|play
Hit me with pop-era flashbacks|play
Broadcast the chill-out lounge numbers|play
Engage the vocal jazz ballads|play
Load the record-store digger mix|play
Cue the festival trailers playlist|play
Pump the industrial electronica batch|play
Open the vinyl crate-digging set|play
Unleash the gospel revival session|play
Provide the surf instrumental set|play
Send over the house piano edits|play
Roll out the symphonic metal pieces|play
Trigger the café bossa collection|play
Initiate the staple country singer lineup|play
Play back the handpan meditation loops|play
Launch the techno underground selection|play
Engage the euro-dance revival tracks|play
Cue the hip-hop golden era mixtape|play
Set in motion the jazz fusion experiment|play
Load the indie folk storyteller session|play
Unmute the synthpop nostalgia collection|play
Fire up the trap instrumental batch|play
Pop on the ska revival anthems|play
Stream the Afrobeat groove selection|play
Start the minimal techno pulse mix|play
Unload the trip-hop downtempo blend|play
Roll out the vibrant salsa rhythms|play
Send out the mariachi fiesta tunes|play
Initiate the Celtic folk saga playlist|play
Activate the lullaby guitar set|play
Hit the K-pop revolution playlist|play
Trigger the Mandarin pop hits mix|play
Open the Bollywood chartbusters sequence|play
Load the Arabic oud medley|play
Crank up the Caribbean steel-drum session|play
Cue the Mongolian throat-singing ensemble|play
Invoke the Scandinavian folk tales tracks|play
Play something that matches my mood.|play
Can you play some classical pieces?|play
Let's have some rock music.|play
I want to listen to some pop songs.|play
Play a song that lifts my spirits.|play
Could you play the top charts for this week?|play
I'm in the mood for some blues.|play
Play some instrumental tracks.|play
Let's enjoy some acoustic melodies.|play
I need some energetic music.|play
Play a soothing lullaby.|play
Can you play some indie tracks?|play
I'd like to hear some country music.|play
Play a playlist for a road trip.|play
Let's have some party anthems.|play
Can you play some workout music?|play
I'm feeling nostalgic; play some oldies.|play
Play a song from the 90s.|play
I'd like to hear some electronic beats.|play
Play some ambient sounds.|play
Can you play a romantic song?|play
Let's listen to some reggae music.|play
Play a track that helps me focus.|play
I want to hear some metal music.|play
Play a song that makes me dance.|play
Can you play some chillhop?|play
Let's have some lo-fi beats.|play
Play a song that tells a story.|play
I'd like to hear some folk music.|play
Play a song with powerful vocals.|play
Can you play some instrumental jazz?|play
Let's enjoy some soulful tunes.|play
Play a song that energizes me.|play
I want to listen to some R&B.|play
Play a track that's trending now.|play
Can you play some background music?|play
Let's have some upbeat pop songs.|play
Play a song that calms me down.|play
I'd like to hear some dance music.|play
Play a song with a strong beat.|play
Can you play some soft rock?|play
Let's listen to some world music.|play
Play a song that inspires me.|play
I want to hear some alternative rock.|play
Play a song that's perfect for studying.|play
Can you play some happy tunes?|play
Let's have some instrumental covers.|play
Play a song that gets me moving.|play
I'd like to hear some jazz fusion.|play
Play a song with meaningful lyrics.|play
Can you play some upbeat electronic music?|play
Let's enjoy some classic rock.|play
Play a song that helps me relax.|play
I want to listen to some synth-pop.|play
Play a song that's great for driving.|play
Can you play some mellow tunes?|play
Let's have some high-energy tracks.|play
Play a song that makes me feel good.|play
I'd like to hear some indie pop.|play
Play a song that's perfect for a rainy day.|play
Can you play some acoustic versions?|play
Let's listen to some upbeat reggae.|play
Play a song that brings back memories.|play
I want to hear some smooth jazz.|play
Play a song that's great for a workout.|play
Can you play some chill electronic music?|play
Let's have some vibrant pop songs.|play
Play a song that sets a romantic mood.|play
I'd like to hear some upbeat folk music.|play
Play a song that's perfect for meditation.|play
Can you play some lively tunes?|play
Let's enjoy some classic pop hits.|play
Play a song that gets the party started.|play
I want to listen to some upbeat rock.|play
Play a song that's great for unwinding.|play
Can you play some soulful ballads?|play
Let's have some energetic dance tracks.|play
Play a song that makes me smile.|play
I'd like to hear some modern jazz.|play
Play a song that's perfect for a picnic.|play
Can you play some catchy pop songs?|play
Let's listen to some upbeat indie tracks.|play
Play a song that lifts my mood.|play
I want to hear some vibrant electronic music.|play
Play a song that's great for a celebration.|play
Can you play some smooth R&B tunes?|play
Let's have some lively acoustic songs.|play
Play a song that energizes my morning.|play
play some music|play
start playing jazz tunes|play
play the latest pop hits|play
play my workout playlist|play
play classical music|play
let's jam to rock songs|play
play that song again|play
play relaxing piano|play
start the podcast|play
play episode three of my podcast|play
play YouTube video|play
play the audiobook|play
play my driving playlist|play
play the next track|play
play ambient sounds|play
start playback|play
play the news podcast|play
hit play on the game|play
play TED talk|play
play meditation music|play
play sound effects|play
play my study playlist|play
resume playing|play
play country music|play
play a video|play
play the live stream|play
play jazz radio|play
play top 40 hits|play
play Wednesday Adams theme|play
play electronic music|play
play a song|play
play that shutdown sound|play
hit the pause button|play
start the next track|play
resume playback|play
cue the outro music|play
shuffle my playlist|play
play the shutdown melody|play
play the closing anthem|play
start the closing credits track|play
queue the exit song|play
play the outro|play
put on some relaxing jazz|play
start the workout playlist|play
play my favorite podcast episode|play
skip to the next song|play
resume the audiobook|play
turn on the morning playlist|play
play the sound of ocean waves|play
blast the party mix|play
launch the study tunes|play
queue up the top hits|play
start the meditation music|play
play the new album release|play
shuffle the road trip songs|play
play my chill vibes playlist|play
cue the concert recording|play
play the bedtime stories|play
put on the classical music|play
start the jazz session|play
play the motivational speech|play
queue the pop chart toppers|play
resume the live radio|play
play the rain sounds|play
turn on the focus playlist|play
start the acoustic set|play
play the children's songs|play
launch the holiday tunes|play
play the retro hits|play
shuffle the dance playlist|play
play the game soundtrack|play
queue the workout jams|play
put on the indie hits|play
play the ambient sounds|play
start the blues collection|play
play the latest singles|play
resume the audio drama|play
play the top rock anthems|play
shuffle the singer-songwriter tracks|play
play the comedy podcast|play
launch the lullabies|play
play the festival highlights|play
start the country playlist|play
play the electronic beats|play
queue the soundtrack for focus|play
put on the soul classics|play
play the live concert|play
resume the podcast series|play
shuffle the hits from the 80s|play
play the experimental music|play
play 'Besos'by Shikhar Dhawan and Jacqueline Fernandez|play
start 'Snake'by Nora Fatehi and Jason Derulo|play
queue 'Run It Up'by Hanumankind|play
play 'Kanimaa'by Santhosh Narayanan and The Indian Choral Ensemble|play
shuffle 'Tu Hain Toh Main Hoon'from Sky Force|play
start the latest chartbusters|play
put on the top indie hits|play
launch the freshest Bollywood tracks|play
stream the trending rap anthems|play
blast the newest pop singles|play
roll the viral TikTok songs|play
get me the hottest electronic beats|play
fire up the freshest dance mixes|play
kick off the latest workout jams|play
drop the most played summer hits|play
blast the chart-topping rock tunes|play
turn on the newest acoustic sessions|play
start streaming the top lounge music|play
put on the latest film soundtracks|play
launch the trending R&B vibes|play
stream the most loved country hits|play
blast the freshest underground tracks|play
get me the top-rated jazz collections|play
fire up the hottest K-pop releases|play
kick off the most streamed hip-hop beats|play
drop the newest chillstep mixes|play
turn on the trending festival anthems|play
start the latest meme soundtracks|play
put on the most followed artists'hits|play
launch the freshest lo-fi beats|play
stream the hottest Latin pop tracks|play
blast the newest global chartbusters|play
get me the top viral indie songs|play
fire up the freshest EDM remixes|play
kick off the trending reggae beats|play
drop the newest cinematic scores|play
turn on the most played soulful tunes|play
start the freshest Bollywood remixes|play
put on the latest rap cyphers|play
launch the trending trap music|play
stream the most popular workout anthems|play
blast the freshest synthwave hits|play
get me the top trending viral songs|play
fire up the newest jazz fusion tracks|play
kick off the most streamed pop ballads|play
drop the hottest house music|play
turn on the latest garage rock hits|play
start streaming the most viral party songs|play
put on the freshest alternative rock|play
launch the trending classical crossovers|play
stream the hottest R&B collaborations|play
hit the closing theme|play
fire up the shutdown soundtrack|play
shuffle the farewell playlist|play
play the cutoff tone|play
play the signoff jingle|play
trigger the closure music|play
initiate the outro beat|play
play the curtain call tune|play
play the final chord|play
play the ending jam|play
resume the closing music|play
play the silent exit sound|play
play the system shutdown beep|play
play the farewell dirge|play
play the closing theme|play
play the fade-out track|play
play me something nice|play
can you start the music?|play
I feel like vibing now|play
hit that track|play
stream a song for me|play
start playing my playlist|play
put on something musical|play
blast some tunes|play
fire up the music player|play
play a chill beat|play
launch the song|play
stop the video but keep playing|play
pause after closing notes and play next|play
don't close the music, just lower it|play
skip to the closing track and play it|play
close the credits and resume|play
shut off the intro and start the song|play
close the intro and cue the track|play
end the trailer, play the movie|play
let's vibe|play
run the track|play
play it now|play
play jazz music|play
play music|play
play next track|play
play rock songs|play
play some tunes|play
resume music|play
start playlist|play
start radio|play
start the song|play
play something chill|play
start playing a track|play
I wanna hear music|play
play the next song|play
continue the playlist|play
can you play some tunes?|play
play background music|play
play something for me|play
let's play my workout mix|play
start some lo-fi|play
drop my niddle|play
let the beats roll|play
fire up something fire|play
I need sound in my life|play
launch my chill playlist|play
drop some noise, Nisha|play
turn up the audio|play
let's get the vibe going|play
press play on the fun|play
hit me with a track|play
unleash the soundstorm|play
turn on my favorite jams|play
time for some sonic therapy|play
queue up the good stuff|play
blast something epic|play
fire up the speakers|play
turn on lo-fi magic|play
tune me in|play
let's groove a little|play
drop that beat|play
bring the noise, AI|play
launch music mode|play
load my evening mix|play
unlock the vibe portal|play
DJ Nisha, do your thing|play
I need a beat ASAP|play
cue up my focus music|play
sound on!|play
give me soundtracks to think to|play
I need audio vibes|play
stream something mellow|play
ignite my headphones|play
throw on something nice|play
start my deep work playlist|play
time for headphone therapy|play
feed me melodies|play
I'm in the mood for tunes|play
get the music engine running|play
power up the playlist|play
warm up the soundspace|play
can we jam?|play
initiate the banger protocol|play
bring out the classics|play
drop something instrumental|play
elevate the room with music|play
kick off the morning soundtrack|play
put on my study vibes|play
crank it up a notch|play
let's soundtrack this moment|play
vibe check now|play
launch my music therapy|play
let's go headphone mode|play
inject some rhythm into my soul|play
fuel me with beats|play
summon my sonic sanctuary|play
start the daily sound ritual|play
turn on happiness in audio form|play
spark the mood with music|play
make the silence musical|play
let's jazz up the moment|play
ignite playlist power|play
wake the vibe machine|play
soundtrack my emotions|play
pump energy through my ears|play
engage the beat mode|play
vibe ignition, now|play
cue the atmosphere enhancers|play
load rhythm and flow|play
orchestrate my focus|play
let's echo some emotion|play
compose my calm|play
let the audio drip drop|play
launch the feel-good audio|play
bring sonic bliss|play
initiate ear therapy|play
vibe mode on, please|play
fire up me into a good mood|play
wake up my ears|play
play a new song|play
queue up some music|play
fire up the next track|play
blast rock anthems|play
throw on some chill beats|play
resume the soundtrack|play
launch the workout playlist|play
fire up the radio station|play
open the music player|play
drop a fresh track|play
get the groove going|play
start the party mix|play
bring on the good vibes|play
tune into my favorite songs|play
play the next hit|play
roll the playlist forward|play
hit play on those tunes|play
stream some smooth jazz|play
pump up the volume with rock|play
activate the music mode|play
turn on some mellow sounds|play
ignite the dance floor beats|play
load up my chill-out session|play
play a soothing melody|play
cue the upbeat tracks|play
start the late-night jams|play
unleash the party playlist|play
flick on some background music|play
drop the bass-heavy beats|play
pop on the morning soundtrack|play
initiate the music flow|play
deliver the soundtrack|play
light up the sound system|play
start fire upning my favorite songs|play
fire up that vinyl vibe|play
trigger the audio stream|play
play some feel-good tunes|play
launch my focus playlist|play
roll out the acoustic set|play
start a fresh playlist|play
cue the energetic jams|play
blast those summer hits|play
put on my study mix|play
stream some indie vibes|play
jump into the retro playlist|play
unfold the classic rock set|play
throwback to the 90s tunes|play
send me some smooth R&B|play
wrap me in some soulful music|play
set the mood with jazz|play
fire up the synth beats|play
turn on my favorite tracks|play
engage the chill-out vibes|play
cue up the late-night mix|play
turn the music on loud|play
get the beat dropping|play
start the morning energy playlist|play
launch some motivational songs|play
open the dance hits|play
play the summer playlist|play
start the mellow mix|play
drop the party anthems|play
put the soundtrack on repeat|play
fire up some lo-fi beats|play
play the workout jams|play
start the rhythmic sounds|play
open my favorite audio|play
pump up the funky beats|play
fire the speakers up|play
play the latest hits|play
kick off the music session|play
start the vibe|play
light up the audio|play
stream my top tracks|play
play the soundtrack to my day|play
launch the evening mix|play
bring the sound alive|play
queue up some classic hits|play
play some upbeat tunes|play
activate the soundscape|play
drop the new release|play
start the music flow|play
open the groove box|play
load up some dance music|play
turn on the good vibes|play
send me the party playlist|play
fire up the chill session|play
ignite my music mode|play
kickstart the audio|play
drop the beats now|play
bring the rhythm back|play
launch the groove session|play
open the beat vault|play
get the music rolling|play
play the new album|play
start the vibe session|play
fire up the late-night tunes|play
roll out some acoustic vibes|play
play some smooth tracks|play
engage the music mode|play
turn on the ambient sounds|play
Generate an image of a futuristic city|generate image
Create a realistic portrait of a robot|generate image
Make an anime-style character with blue hair|generate image
Show me a fantasy landscape in 3D art|generate image
Generate AI art of a magical forest|generate image
Create a cartoon image of a dancing cat|generate image
Make a pencil sketch of an old castle|generate image
Generate a sci-fi spaceship wallpaper|generate image
Create a picture of a samurai in sunset|generate image
Generate a horror-themed image in dark tones|generate image
Make a pixel art of a jungle scene|generate image
Create a surrealistic photo of time warping|generate image
Generate a minimalist art of coffee cup|generate image
Show me an image of mountains during sunrise|generate image
Create a digital painting of a dragon|generate image
Generate a vector graphic of city skyline|generate image
Make a fantasy-themed desktop wallpaper|generate image
Create a cartoon-style superhero image|generate image
Generate an image of galaxy in deep space|generate image
Make an AI-generated art of underwater world|generate image
Create a drawing of a haunted house|generate image
Generate a logo-style graphic for my username|generate image
Make a vibrant poster image of street food|generate image
Create a PNG of an astronaut floating in space|generate image
Generate a neon cyberpunk alley picture|generate image
Make a 3D render of a treasure chest|generate image
Generate a horror mask photo with shadow effects|generate image
Create a winter-themed greeting card image|generate image
Make a photorealistic image of a wild lion|generate image
Generate a sci-fi drone sketch in grayscale|generate image
Create a dreamy cottage in the forest image|generate image
Generate an illustration of a viking ship|generate image
Make a line art of a mermaid underwater|generate image
Generate an image of fireworks at midnight|generate image
Create a symmetrical mandala art in JPG|generate image
Generate AI art of a lonely planet|generate image
Make a chalk drawing of a sunrise scene|generate image
Create a pixel-style image of a wizard tower|generate image
Generate a glowing fractal pattern in PNG|generate image
Make a photo of a pirate ship in storm|generate image
Create a portrait in Van Gogh style|generate image
Generate a dragon flying over a volcano image|generate image
Make a minimalist line art of a dancer|generate image
Create a romantic scene with a moonlit lake|generate image
Generate a comic book cover illustration|generate image
Make a space station orbiting Saturn image|generate image
Create a haunted forest photo with fog|generate image
Generate a tattoo-style drawing of a phoenix|generate image
Make a desert mirage effect visual|generate image
Create a flower garden in watercolor style|generate image
Generate a mythological creature concept art|generate image
Make a jungle scene with exotic animals image|generate image
Create a glowing jellyfish underwater image|generate image
Generate a robot dog illustration in JPG|generate image
Make a shadow art picture of a dancer|generate image
Create a digital wallpaper with abstract shapes|generate image
Generate an 8-bit knight character PNG|generate image
Make an icy mountain landscape with northern lights|generate image
Create a colorful graffiti-style background image|generate image
Generate a blueprint-style drawing of a spaceship|generate image
Create a fantasy castle with glowing lights|generate image
Make an AI-generated image of a chessboard in hell|generate image
Create a glowing digital snake wrapped around code|generate image
Generate a wallpaper of retro neon vibes|generate image
Make a low-poly landscape of mountains and lake|generate image
Create a dark-themed photo of city at night|generate image
Generate a gothic cathedral under storm clouds|generate image
Make an image of a cracked earth apocalypse|generate image
Create a sunset over Egyptian pyramids|generate image
Generate a stylized graphic of Earth from space|generate image
Create an enchanted forest glowing with mushrooms|generate image
Make a cinematic render of a lost island|generate image
Generate an oil painting of a shipwreck|generate image
Create a dreamcore art piece with floating clocks|generate image
Generate a portrait of a cyborg with red eyes|generate image
Make a glowing orb floating over lava|generate image
Create an ancient scroll background JPG|generate image
Generate a scenic photo of cherry blossoms falling|generate image
Make an abstract fluid art wallpaper|generate image
Create a knight in golden armor standing in fog|generate image
Generate a galaxy shaped like a dragon|generate image
Make a rainbow jungle full of strange animals|generate image
Create a low-light cave scene with crystals|generate image
Generate a postcard-style image of Paris|generate image
Create a haunted amusement park concept art|generate image
Make a claymation-style photo of dancing vegetables|generate image
Generate a punk-rock band poster art|generate image
Create a fairy-tale village surrounded by candy|generate image
Make a high-resolution dragon eye PNG|generate image
Create a robot with flowers growing from its chest|generate image
Generate a surreal collage of clocks and windows|generate image
Make a sketch of an owl wearing glasses|generate image
Create a digital comic strip of a cat detective|generate image
Generate a dreamscape full of floating staircases|generate image
Create a monster breaking through a screen effect|generate image
Make a graffiti wall covered in AI tags|generate image
Generate a vibrant doodle of a flying burger|generate image
Create a zoomed-in texture of dragon scales|generate image
Make a mystical cave temple in 4K art|generate image
Generate a floating city with airships|generate image
Create a thunderstorm scene over the ocean|generate image
Make an abstract wallpaper in teal and gold|generate image
Generate a haunted mirror photo effect|generate image
Create a child's drawing turned into 3D art|generate image
Make a Viking battle scene with fire and axes|generate image
Generate a stitched embroidery image of flowers|generate image
Create an album cover with vaporwave vibes|generate image
Make a post-apocalyptic town in sepia tone|generate image
Generate a night market in anime style|generate image
Create a cyberpunk skyline with reflections|generate image
Make a glass orb reflecting a fantasy forest|generate image
Generate an underwater temple scene|generate image
Create a digital art image of a flying whale|generate image
Make a book cover for a sci-fi novel|generate image
Generate a photorealistic image of a tornado|generate image
Create a portal to another world glowing in blue|generate image
Make a medieval castle under aurora lights|generate image
Generate a landscape with two suns and no shadows|generate image
Create a zombie dog chasing a robot cat image|generate image
Make a mushroom cloud in pastel colors|generate image
Generate a steam train floating above clouds|generate image
Create a mystical garden with glowing roses|generate image
Make a photo collage of AI icons and wires|generate image
Generate a graffiti art of a rebel android|generate image
Create a sticker-style image of fruits with faces|generate image
Make a pixel-art pirate ship in a storm|generate image
Generate a thunder lion with electric mane|generate image
Create a 4K render of time frozen mid-battle|generate image
Make a photorealistic haunted doll image|generate image
Generate a symbolic image of freedom using wings|generate image
Create a sketch of an ancient mechanical beast|generate image
Make a fantasy crown with floating crystals|generate image
Generate a neon triangle portal in a forest|generate image
Create a wireframe model of a dragon in space|generate image
Make an origami-style paper tiger image|generate image
Generate a glitch-art wallpaper with broken pixels|generate image
Create a cave entrance shaped like a lion's mouth|generate image
Make a steampunk airship in motion JPG|generate image
Generate a scenic beach view in oil painting style|generate image
google search for nearest restaurants|google search
Can you create a picture of a serene mountain landscape?|generate image
I'd like an illustration of a futuristic city skyline at night.|generate image
Please design an image featuring a cozy coffee shop interior.|generate image
Generate a sketch of a medieval knight in armor.|generate image
Create an artwork depicting a space shuttle launching.|generate image
I'd love a drawing of a peaceful beach at sunset.|generate image
Can you produce an image of a bustling marketplace in Morocco?|generate image
Design a poster showcasing a jazz band performing live.|generate image
Make an illustration of a fantasy dragon flying over mountains.|generate image
Please craft an image of a vintage car on a countryside road.|generate image
I'd like a depiction of a rainforest with diverse wildlife.|generate image
Generate an image of a futuristic robot assistant in a home setting.|generate image
Create a visual of a tranquil Japanese garden in spring.|generate image
Design an artwork featuring a superhero in action.|generate image
Produce an image of a classic library with towering bookshelves.|generate image
I'd love an illustration of a snowy village during Christmas.|generate image
Can you create a picture of an underwater coral reef scene?|generate image
Please design an image of a hot air balloon festival.|generate image
Generate a sketch of an ancient temple hidden in the jungle.|generate image
Create an artwork depicting a bustling urban street at night.|generate image
I'd like a drawing of a serene lake surrounded by autumn trees.|generate image
Can you produce an image of a futuristic space colony on Mars?|generate image
Design a poster showcasing a rock concert with vibrant lights.|generate image
Make an illustration of a pirate ship sailing the high seas.|generate image
Please craft an image of a peaceful countryside farmhouse.|generate image
I'd like a depiction of a desert landscape with sand dunes.|generate image
Generate an image of a fantasy castle atop a mountain.|generate image
Create a visual of a bustling city market during the day.|generate image
Design an artwork featuring a majestic eagle in flight.|generate image
Produce an image of a tranquil forest path in autumn.|generate image
I'd love an illustration of a futuristic train speeding through a city.|generate image
Can you create a picture of a cozy cabin in the woods during winter?|generate image
Please design an image of a vibrant carnival with rides and games.|generate image
Generate a sketch of an astronaut floating in space.|generate image
Create an artwork depicting a serene waterfall in a tropical forest.|generate image
I'd like a drawing of a bustling harbor with ships and boats.|generate image
Can you produce an image of a futuristic laboratory interior?|generate image
Design a poster showcasing a mountain biking adventure.|generate image
Make an illustration of a peaceful meadow with wildflowers.|generate image
Please craft an image of a historic castle surrounded by a moat.|generate image
I'd like a depiction of a lively street festival with dancers.|generate image
Generate an image of a serene beach with palm trees at sunset.|generate image
Create a visual of a futuristic city with flying cars.|generate image
Design an artwork featuring a majestic lion in the savannah.|generate image
Produce an image of a tranquil lake with reflections of mountains.|generate image
I'd love an illustration of a cozy reading nook by a fireplace.|generate image
Can you create a picture of a vibrant underwater scene with fish?|generate image
Please design an image of a snowy mountain peak under a clear sky.|generate image
Generate a sketch of a bustling city street during rush hour.|generate image
Create an artwork depicting a peaceful countryside landscape.|generate image
I'd like a drawing of a futuristic spaceship interior.|generate image
Can you produce an image of a lively farmers market?|generate image
Design a poster showcasing a serene sunrise over the ocean.|generate image
Make an illustration of a historic train station.|generate image
Please craft an image of a tranquil garden with blooming flowers.|generate image
I'd like a depiction of a bustling airport terminal.|generate image
Generate an image of a cozy café on a rainy day.|generate image
Create a visual of a vibrant city skyline at dusk.|generate image
Design an artwork featuring a peaceful mountain lake.|generate image
Produce an image of a historic lighthouse on a rocky shore.|generate image
I'd love an illustration of a futuristic control room.|generate image
Can you create a picture of a lively street market at night?|generate image
Please design an image of a serene forest with a flowing stream.|generate image
Generate a sketch of a bustling train station during the day.|generate image
Create an artwork depicting a peaceful village in the mountains.|generate image
I'd like a drawing of a vibrant city park in spring.|generate image
Can you produce an image of a cozy bookstore interior?|generate image
Design a poster showcasing a scenic coastal road.|generate image
Make an illustration of a tranquil desert oasis.|generate image
Please craft an image of a lively music festival crowd.|generate image
I'd like a depiction of a serene mountain cabin.|generate image
Generate an image of a bustling city square with fountains.|generate image
Create a visual of a peaceful countryside road.|generate image
Design an artwork featuring a vibrant street art mural.|generate image
Produce an image of a tranquil lake at sunrise.|generate image
I'd love an illustration of a historic cathedral interior.|generate image
Can you create a picture of a lively beach boardwalk?|generate image
Please design an image of a serene river flowing through a forest.|generate image
Generate a sketch of a bustling shopping mall.|generate image
Create an artwork depicting a peaceful mountain trail.|generate image
I'd like a drawing of a vibrant city street during a festival.|generate image
Can you produce an image of a cozy mountain lodge?|generate image
Design a poster showcasing a scenic hiking trail.|generate image
Make an illustration of a tranquil garden pond.|generate image
Please craft an image of a lively street café.|generate image
I'd like a depiction of a serene lakeside cabin.|generate image
Generate an image of a bustling cityscape at night.|generate image
Create a visual of a peaceful countryside meadow.|generate image
Design an artwork featuring a vibrant flower market.|generate image
Produce an image of a tranquil beach during sunrise.|generate image
I'd love an illustration of a historic castle interior.|generate image
Can you create a picture of a lively street parade?|generate image
Please design an image of a serene mountain valley.|generate image
Generate a sketch of a bustling harbor at sunset.|generate image
Create an artwork depicting a peaceful forest clearing.|generate image
I'd like a drawing of a vibrant city skyline during the day.|generate image
I'd like an illustration of a futuristic city at night|generate image
can you produce an image of a cozy reading nook with plants?|generate image
generate a sketch of a medieval castle on a hill|generate image
please render an image of a bustling marketplace in the 1800s|generate image
show me a drawing of a robot playing the violin|generate image
I'd like an artwork depicting a dragon flying over a village|generate image
create an image of a peaceful beach during sunset|generate image
generate a portrait of a woman in Renaissance attire|generate image
please produce an image of a spaceship landing on Mars|generate image
I'd like a cartoon-style image of a cat wearing sunglasses|generate image
create a watercolor painting of a forest in autumn|generate image
generate an image of a futuristic car driving through a neon-lit city|generate image
please illustrate a scene of a pirate ship battling a sea monster|generate image
I'd like an image of a cozy cabin in the snowy mountains|generate image
create a digital art piece of a phoenix rising from ashes|generate image
generate an image of a fantasy landscape with floating islands|generate image
please produce a sketch of a vintage train station|generate image
I'd like an illustration of a superhero flying over a city|generate image
create an image of a tranquil Japanese garden with koi fish|generate image
generate a painting of a stormy sea with a lighthouse|generate image
please render an image of a bustling café in Paris|generate image
I'd like a digital drawing of a unicorn in a mystical forest|generate image
create an image of a steampunk-style airship in the sky|generate image
generate a portrait of a knight in shining armor|generate image
please illustrate a scene of a wizard casting a spell|generate image
I'd like an image of a serene lake surrounded by mountains|generate image
create a digital art piece of a cyberpunk cityscape|generate image
generate an image of a fairy sitting on a mushroom|generate image
please produce a sketch of a classic 1950s diner|generate image
I'd like an illustration of a jungle with exotic animals|generate image
create an image of a haunted house on a hill|generate image
generate a painting of a ballerina dancing on stage|generate image
please render an image of a desert with cacti and sand dunes|generate image
I'd like a digital drawing of a futuristic robot bartender|generate image
create an image of a magical library with floating books|generate image
generate an illustration of a Viking ship sailing through icy waters|generate image
please produce a sketch of a bustling New York street|generate image
I'd like an image of a serene waterfall in a tropical forest|generate image
create a digital art piece of a dragon curled around a treasure hoard|generate image
generate an image of a futuristic skyline at dusk|generate image
please illustrate a scene of a knight and dragon in battle|generate image
I'd like a painting of a peaceful countryside with rolling hills|generate image
create an image of a mysterious cave with glowing crystals|generate image
generate a portrait of a queen in regal attire|generate image
please render an image of a spaceship flying through an asteroid field|generate image
I'd like an illustration of a bustling medieval marketplace|generate image
create an image of a tranquil beach with palm trees|generate image
generate a digital art piece of a samurai in battle|generate image
please produce a sketch of a cozy mountain cabin at night|generate image
I'd like an image of a fantasy castle in the clouds|generate image
create an illustration of a detective investigating a crime scene|generate image
generate a painting of a serene meadow with wildflowers|generate image
please render an image of a bustling space station interior|generate image
I'd like a digital drawing of a mermaid swimming underwater|generate image
create an image of a haunted forest with ghostly figures|generate image
generate an illustration of a cowboy riding through the desert|generate image
please produce a sketch of a futuristic laboratory|generate image
I'd like an image of a tranquil zen garden with raked sand|generate image
create a digital art piece of a dragon soaring over mountains|generate image
generate an image of a bustling city street at night|generate image
please illustrate a scene of a pirate treasure hunt|generate image
I'd like a painting of a serene lake with swans|generate image
create an image of a mystical forest with glowing plants|generate image
generate a portrait of a futuristic soldier in armor|generate image
please render an image of a cozy café with people reading|generate image
I'd like an illustration of a spaceship landing on an alien planet|generate image
create an image of a medieval banquet hall|generate image
generate a digital art piece of a phoenix in flight|generate image
please produce a sketch of a bustling farmers market|generate image
I'd like an image of a tranquil mountain stream|generate image
create an illustration of a wizard's study filled with books|generate image
generate a painting of a serene beach at sunrise|generate image
please render an image of a futuristic city with flying cars|generate image
I'd like a digital drawing of a knight on horseback|generate image
Show me a concept art of a cyberpunk alleyway|generate image
Give me a visual representation of a haunted mansion at night|generate image
I need an image of a peaceful rural farm with animals|generate image
Illustrate a spaceship landing on an alien planet|generate image
Draw a scene of a magical forest with glowing plants|generate image
Paint a digital art of a warrior standing on a cliff|generate image
Make a comic-style image of a detective chasing a thief|generate image
Sketch a romantic picnic setting by a riverside|generate image
Design an AI-generated picture of a fantasy battlefield|generate image
Craft a painting of the Earth from outer space|generate image
Create a logo-style image of a tech startup|generate image
Show a 3D render of a futuristic apartment interior|generate image
Can you whip up an image of a bustling Indian street market?|generate image
Draw a silhouette of a person meditating on a hilltop|generate image
Generate an image of a neon-lit sushi restaurant|generate image
Show me a digital artwork of an anime character in action|generate image
Produce a moody painting of a stormy ocean|generate image
Create a poster of a sci-fi time travel concept|generate image
Design a graphic of a dragon curled around a mountain peak|generate image
I'd like a painting of an owl flying at night|generate image
Make a visual of a pirate treasure map on old parchment|generate image
Sketch a zen-inspired interior space|generate image
Please generate a fantasy-style tavern scene|generate image
Create an image showing a robot planting a tree|generate image
Paint a wide shot of a quiet canyon under stars|generate image
Generate a digital canvas with a painterly look of Venice|generate image
I want a cinematic shot of a giant whale swimming underwater|generate image
Design a picture of a mythical underwater kingdom|generate image
Illustrate a tea garden at sunrise in Japan|generate image
Make an image of a retro diner in the 1950s|generate image
Draw a child's crayon-style picture of a sunny day|generate image
Produce a visual of an icy arctic expedition|generate image
Create a sketched concept of a steampunk inventor's lab|generate image
Design a comic panel of a villain monologuing|generate image
Can you draw a spaceship docked at a spaceport?|generate image
Make a fantasy landscape with glowing mushrooms and fairies|generate image
Illustrate a high-speed futuristic racing scene|generate image
Generate an oil painting-style portrait of a cat in royal robes|generate image
I want an image of a floating island city|generate image
Give me a stylized map of a fantasy continent|generate image
Draw an image of a mermaid sitting on a rock during sunset|generate image
Craft a surreal dreamscape full of floating clocks|generate image
Show me a minimalistic image of a mountain range|generate image
Create a forest path with sunlight filtering through leaves|generate image
Design a sketch of a rooftop view over a quiet European town|generate image
I want to see a cottagecore-themed garden illustration|generate image
Generate a poster for a fictional alien invasion movie|generate image
Please draw an enchanted library with flying books|generate image
Make a charcoal drawing of a samurai warrior|generate image
Illustrate a desert caravan traveling under the moon|generate image
Create an image of an enchanted sword glowing in a cave|generate image
Design a pixel art scene of a video game village|generate image
Produce a digital image of a futuristic underground bunker|generate image
Draw a peaceful monastery in the mountains|generate image
Show me a pop art version of a coffee mug|generate image
Paint a magical bridge over a river of stars|generate image
Make a sci-fi drone flying above a futuristic cityscape|generate image
Sketch a mother and child watching fireworks|generate image
Generate a dreamy landscape with purple skies and tall trees|generate image
Create an image of a bakery filled with pastries|generate image
Draw a concept art of a villain's secret lair|generate image
Design a chalkboard-style diagram of a fictional invention|generate image
Give me a neon signboard design that says “Chill Zone”|generate image
Create a watercolor image of autumn leaves falling|generate image
Paint a colorful festival with lanterns and music|generate image
Illustrate a quiet study room with vintage books and candlelight|generate image
Generate a low-poly style landscape of hills and valleys|generate image
Draw a crystal cave glowing with blue light|generate image
Show a night market with street food stalls and crowds|generate image
Make a design of an old western saloon in sunset light|generate image
Create a children's book-style page of animals in the jungle|generate image
Produce a comic strip of a dog and cat being roommates|generate image
Paint a magical winter night scene with snowflakes and stars|generate image
Give me a doodle-style drawing of a flying turtle|generate image
Sketch a peaceful old temple with incense and bells|generate image
Design a stylized retro sci-fi rocket launch|generate image
Create a night sky full of constellations and shooting stars|generate image
Draw a cozy campfire scene under the moon|generate image
Generate a digital image of an abandoned train station|generate image
Illustrate an open-world game map with fantasy terrain|generate image
Craft a mini poster for a fictional wizard school|generate image
Design a line art drawing of a deer in a foggy forest|generate image
create an image of a cozy fireplace with stockings|generate image
generate an illustration of a dragon guarding a castle|generate image
please produce a sketch of a bustling train station|generate image
I'd like an image of a peaceful garden with a fountain|generate image
create a digital art piece of a samurai standing in the rain|generate image
generate an image of a bustling city market|generate image
please illustrate a scene of a knight and princess in a castle|generate image
I'd like a painting of a serene forest path|generate image
create an image of a magical treehouse in the woods|generate image
generate a portrait of a futuristic explorer|generate image
please render an image of a cozy kitchen with baking in progress|generate image
I'd like an illustration of a spaceship docking at a space station|generate image
create an image of a medieval blacksmith at work|generate image
generate a digital art piece of a dragon flying over a village|generate image
please produce a sketch of a bustling harbor with ships|generate image
I'd like an image of a tranquil countryside with grazing sheep|generate image
create an illustration of a wizard casting a powerful spell|generate image
generate a painting of a serene lake surrounded by trees|generate image
please render an image of a futuristic cityscape at night|generate image
I'd like a digital drawing of a knight battling a dragon|generate image
create an image of a cozy cabin in the woods during winter|generate image
generate an illustration of a pirate ship sailing through a storm|generate image
search the web for Python tutorials|google search
find me articles on climate change|google search
google 'best smartphones 2025'|google search
look up healthy recipes|google search
search online for stock market news|google search
google how to fix a flat tire|google search
find information on Elon Musk|google search
search web for meditation techniques|google search
google the latest AI research|google search
lookup travel tips for Japan|google search
find reviews of electric cars|google search
search the internet for coding challenges|google search
google top 10 movies|google search
look up local movie showtimes|google search
search online for VPN services|google search
google best running shoes|google search
find tutorials on guitar chords|google search
search web for mental health resources|google search
google weight loss diets|google search
lookup free online courses|google search
google how to grow tomatoes|google search
search the net for space exploration news|google search
google flight status for AA123|google search
find me Wikipedia page for Isaac Newton|google search
search web for yoga poses|google search
google latest Marvel trailers|google search
lookup apartment rentals in NYC|google search
search online for cloud computing guides|google search
google nearby coffee shops|google search
search Python best practices|google search
google “how to close ports”|google search
search Google for closing price of stocks|google search
google “how to close background apps” on Android|google search
search for news on Google|google search
look up facts for me|google search
google the latest iPhone|google search
check Google for today's headlines|google search
what does Google say about this?|google search
look up close call moments in sports|google search
look up closing arguments in law|google search
search for “close up photography”|google search
google the current prime minister|google search
what's the weather in Delhi?|google search
search for latest tech news|google search
find me python tutorials|google search
google how to reset my password|google search
how to use google drive effectively|google search
google best practices for remote work|google search
google tips for healthy eating|google search
how to create a google form|google search
google translate English to French|google search
google how to start a blog|google search
how to delete google search history|google search
google benefits of regular exercise|google search
how to set up google alerts|google search
google how to improve memory|google search
how to use google maps offline|google search
google steps to learn programming|google search
how to make a google account|google search
google strategies for time management|google search
how to share files on google drive|google search
google how to meditate properly|google search
how to use google calendar efficiently|google search
google ways to reduce stress|google search
how to customize google chrome|google search
look up Arch Linux install guide|google search
who is the CEO of Nvidia?|google search
what is machine learning?|google search
google who won the 2024 elections|google search
search for trending memes|google search
what does GPT stand for?|google search
I need Google results for AI papers|google search
look up this book online|google search
get me info on Mars rovers|google search
do a Google search for top songs|google search
what's new in Android 15?|google search
search fastest trains in the world|google search
show me web results for this phrase|google search
google this error code|google search
find a recipe for biryani|google search
look up meaning of recursion|google search
look up how to train a model|google search
search for AI in medicine|google search
Google who is Alan Turing|google search
find results for Tesla earnings|google search
look up recent tech news|google search
Google what is quantum computing|google search
search for climate change effects|google search
find blogs about productivity|google search
can you search machine learning books?|google search
find best restaurants nearby|google search
find images of mountains|google search
find tutorials on machine learning|google search
google how to train a model|google search
google stock prices|google search
google translate hello to Spanish|google search
look up weather in Paris|google search
search Python on Google|google search
search Python tips|google search
search for holiday destinations|google search
google weather forecast for next week|google search
find nearest coffee shops with google maps|google search
how to optimize SQL queries? google it|google search
tips for improving SEO using google guidelines|google search
where to watch the Olympics live? google search|google search
best practices for React hooks – google insights|google search
dress code for interviews: check google|google search
schedule meetings in Gmail – google calendar tutorial|google search
find vegan recipes on google|google search
google why is the sky blue?|google search
set up two-factor authentication on Gmail |google search
integrate google analytics in WordPress|google search
compare DSLR cameras – google reviews|google search
troubleshoot Bluetooth issues – google help|google search
google benefits of meditation|google search
how do I clear cache in Chrome? google search|google search
find university rankings worldwide with google|google search
improve Wi-Fi signal strength – google tips|google search
google when is the next solar eclipse?|google search
create custom maps in google earth|google search
what's the live stock price of Amazon|google search
get the current Bitcoin value|google search
show me real-time traffic updates|google search
what's the live score of the Lakers game|google search
get the current time in London|google search
show me the realtime weather radar|google search
what's the live exchange rate for USD to INR|google search
get the humidity right now|google search
what's the live gold price|google search
show live currency rates|google search
what's the current server status|google search
get real-time air quality index|google search
what's the current network latency|google search
show me live auction bids|google search
what's the live cricket score|google search
get current CPU usage|google search
what's the live traffic speed on highway|google search
show real-time notifications|google search
get current battery level|google search
what's the live weather temperature|google search
show live earthquake alerts|google search
what's the current memory usage|google search
get the live bus arrival time|google search
what's the live political poll results|google search
show me real-time tweets|google search
get live sensor data|google search
what's the live network throughput|google search
show current disk space usage|google search
what's the live humidity level|google search
get real-time location of my device|google search
yo Nisha, search Python tips|google search
can u find me machine learning tutorials?|google search
how to clean bathroom vent|google search
how to use a mop|google search
how to do oil change|google search
what time is it|google search
what is today|google search
when does school start|google search
what day is it|google search
where am i|google search
what is my ip|google search
what is ai|google search
how to tie a tie|google search
what year is it|google search
how to delete instagram account|google search
what is the weather today|google search
youtube|google search
facebook|google search
amazon|google search
gmail|google search
wordle|google search
google translate|google search
food near me|google search
home depot|google search
walmart|google search
ebay|google search
instagram|google search
nba|google search
nfl|google search
target|google search
amazon prime|google search
nvidia stock|google search
outlook|google search
premier league|google search
flights|google search
daily mail|google search
discord|google search
dollar tree|google search
how to start a podcast in 2025|google search
best plants for indoor air quality|google search
how to make sourdough bread at home|google search
top coding languages to learn 2025|google search
how to set up dual monitors|google search
best vegan restaurants near me|google search
how to improve public speaking skills|google search
how to create a budget plan|google search
how to learn guitar online free|google search
best travel insurance 2025|google search
how to fix wifi connectivity issues|google search
how to make a vision board|google search
how to get rid of dark circles naturally|google search
how to write a book outline|google search
how to create an online store|google search
how to learn photoshop basics|google search
best meditation apps 2025|google search
how to make keto pancakes|google search
how to build muscle fast at home|google search
how to improve sleep quality|google search
how to edit videos on iphone|google search
best coding bootcamps 2025|google search
how to start freelancing in 2025|google search
how to reduce anxiety quickly|google search
how to use google analytics|google search
best credit cards for travel rewards|google search
how to grow tomatoes in pots|google search
how to download netflix movies|google search
how to learn data science online|google search
how to build a capsule wardrobe 2025|google search
best sunscreen for oily skin 2025|google search
easy 15-minute lunch recipes|google search
when is the next meteor shower|google search
how to start a blog in 2025|google search
elon musk latest interview|google search
how to fix slow phone|google search
where to watch champions league live|google search
summer fashion trends 2025|google search
how to make passive income online|google search
best electric cars under 30k|google search
google bard vs chatgpt|google search
how to declutter your home fast|google search
how to train for a half marathon|google search
best thriller books 2025|google search
how to remove background from image|google search
how to apply for a passport online|google search
how to get free audiobooks legally|google search
best android phones 2025|google search
how to write a cover letter|google search
when is father's day 2025|google search
how to apply eyeliner step by step|google search
how to boost immune system naturally|google search
how to stop procrastinating now|google search
how to backup iphone to icloud|google search
how to install windows 11|google search
best places to visit in summer 2025|google search
how to scan QR code on android|google search
how to use google lens|google search
when will ai replace jobs|google search
best productivity apps 2025|google search
how to improve credit score fast|google search
how to reduce screen time|google search
how to block spam calls on iphone|google search
how to increase battery life of laptop|google search
best netflix series may 2025|google search
how to clean air fryer properly|google search
how to get rid of acne overnight|google search
how to start intermittent fasting|google search
how to make iced coffee at home|google search
how to file taxes online for free|google search
how to convert pdf to word|google search
best camera phones 2025|google search
how to meditate for beginners|google search
how to save money on groceries|google search
how to cancel amazon subscription|google search
how to improve gut health|google search
how to learn python fast|google search
how to write a resume with no experience|google search
how to download YouTube videos|google search
top 10 most searched topics 2025|google search
duckduckgo|google search
google drive|google search
ikea|google search
mcdonald's|google search
pizza hut|google search
starbucks|google search
taco bell|google search
connections hint|google search
apple|google search
apple smart glasses features|google search
tornado warning near me|google search
nba playoffs schedule 2025|google search
us china trade negotiations 2025|google search
kim kardashian skincare 2025|google search
where is my irs refund 2025|google search
met gala best dressed 2025|google search
temu|google search
twitch|google search
yankees|google search
hulu|google search
search for AI trends in 2025|google search
Google the latest on Tesla's self-driving|google search
hey, look up quantum computing basics|google search
Nisha, find me some AI podcasts|google search
search for the best coding bootcamps|google search
can you Google Elon Musk's latest tweets?|google search
yo, search for productivity hacks|google search
hey, find out the latest news on ChatGPT|google search
search how to make a neural network from scratch|google search
Google some cool Python project ideas|google search
yo, look up the future of robotics|google search
find AI research papers on healthcare|google search
Nisha, search for top machine learning blogs|google search
google how to build a chatbot|google search
hey, Google|google search
can you look up|google search
search for me|google search
can you Google|google search
yo, search for|google search
Nisha, look up|google search
find me|google search
Google me|google search
hey Nisha, search for|google search
can you search|google search
look up for me|google search
search that for me|google search
find out|google search
search how to|google search
yo Nisha, find me|google search
check out|google search
look for|google search
search the web for|google search
google what is|google search
find the answer for|google search
can you find|google search
search for the best pizza places nearby|google search
look up the latest tech reviews|google search
find machine learning experts on Twitter|google search
search for artificial intelligence news|google search
google how to build a recommendation system|google search
find online courses on data science|google search
search for Python libraries for data analysis|google search
google Python web scraping tutorials|google search
look up how to improve model accuracy|google search
search for top programming languages in 2025|google search
find AI job openings|google search
google for Python IDE comparisons|google search
find how to bake a cake|google search
search baking tips|google search
search for the history of machine learning|google search
google how to implement a neural network|google search
search for Python project ideas for beginners|google search
look up AI in autonomous vehicles|google search
find the latest on blockchain technology|google search
search for AI applications in education|google search
google how to use TensorFlow for beginners|google search
look up machine learning podcasts|google search
search for upcoming tech conferences|google search
find tutorials on deep learning|google search
search for AI-related YouTube channels|google search
google the future of augmented reality|google search
find latest articles on ai|google search
show me tech blogs about linux|google search
look up breaking news in india|google search
check cricket scores online|google search
where to download free e-books|google search
best linux distros in 2025|google search
look for machine learning applications in finance|google search
search for ethical AI discussions|google search
find AI solutions for climate change|google search
search how to optimize neural networks|google search
google top-rated coding bootcamps for 2025|google search
search for AI and cybersecurity|google search
look up resources for learning reinforcement learning|google search
search for AI in robotics|google search
find blogs on artificial intelligence for beginners|google search
search for Python machine learning frameworks|google search
remind me to close the shop at 6|reminder
set a ping for tomorrow's dentist thing|reminder
don't let me forget my mom's birthday, okay?|reminder
Remind me to call mom at 8 PM|reminder
Set a reminder to water the plants every Monday|reminder
Don't let me forget my dentist appointment tomorrow|reminder
Add a reminder to email my professor tonight|reminder
Remind me to feed the dog at 6 AM|reminder
Schedule a reminder for laundry day this Friday|reminder
Set a reminder for the Zoom meeting at 3 PM|reminder
Let me know when it's time to take my pills|reminder
Remind me in 30 minutes to check the oven|reminder
Add a reminder for dad's birthday on June 2nd|reminder
Tell me to study for my math test at 7 PM|reminder
Set a recurring reminder for gym every morning|reminder
Ping me tomorrow to return the library book|reminder
Don't let me miss the webinar on Saturday|reminder
Create a reminder to renew my subscription next week|reminder
Alert me when it's time to leave for work|reminder
Remind me to buy groceries after class|reminder
Add a note to call the electrician at 10 AM|reminder
Make sure I don't forget to pay rent by the 5th|reminder
Set a voice alert for the 2 PM client meeting|reminder
Let me know in one hour to stretch my legs|reminder
Remind me daily at 8 PM to write in my journal|reminder
Add a reminder to pack for the trip on Thursday|reminder
Make a reminder about my weekly coding challenge|reminder
Tell me in 45 minutes to stop watching YouTube|reminder
Set a birthday reminder for Aarav on July 9|reminder
Remind me to submit the form before 5 PM|reminder
Schedule a reminder for laundry pickup tomorrow|reminder
Let me know at noon to call the insurance company|reminder
Create a reminder to send the invoice next Monday|reminder
Add a quick reminder to reply to Priya's message|reminder
Remind me next weekend to clean the garage|reminder
Set a reminder to order groceries this evening|reminder
Remind me every morning to take my supplements|reminder
Don't forget to nudge me about coding practice|reminder
Mark a reminder to feed the fish after school|reminder
Create a task reminder for updating my resume|reminder
Alert me to take the cake out in 25 minutes|reminder
Give me a heads-up about the 6 PM appointment|reminder
Set a ping for daily meditation at 9 PM|reminder
Let me know when it's time to check the pressure cooker|reminder
Add a reminder to switch off the geyser at 10 AM|reminder
Tell me to pack lunch before leaving|reminder
Remind me in two hours to charge my laptop|reminder
Set a bedtime reminder for 11 PM every night|reminder
Keep me reminded to drink water every 2 hours|reminder
Ping me tonight to prepare for the meeting|reminder
Nudge me to call grandma every weekend|reminder
Send a reminder to refill my water bottle at 3 PM|reminder
Remind me in 10 minutes to take a break|reminder
Add a note for my morning workout tomorrow|reminder
Set a recurring alert to walk the dog at 6 PM|reminder
Remind me about the coding contest on Sunday|reminder
Create a reminder for my car service next Tuesday|reminder
Tell me to charge my headphones at 7|reminder
Alert me to stop scrolling and start reading|reminder
Add a soft ping for journal writing every night|reminder
Remind me on Friday about the team dinner|reminder
Schedule an alert to buy milk on the way home|reminder
Remind me at 4 PM to print the documents|reminder
Create a reminder to message the client at noon|reminder
Tell me to log off at 11 PM|reminder
Wake me up at 6 AM tomorrow|reminder
Tell me to start cooking in 30 minutes|reminder
Ping me when it's time to leave for school|reminder
Nudge me at 9 PM to call my uncle|reminder
Alert me every Monday about the weekly meeting|reminder
Notify me at noon to check the delivery status|reminder
Make sure I don't forget to call mom this evening|reminder
Let me know when it's 4 PM so I can log off|reminder
Give me a heads-up before my Zoom call at 3|reminder
Help me remember to feed the cat at 8|reminder
Tell me to take my medicine after lunch|reminder
Keep track of my water intake every 2 hours|reminder
Wake me in 45 minutes from now|reminder
Remind me—wait no, just tell me to study at 7|reminder
Buzz me at 10 AM to send that email|reminder
Don't let me forget to check the stock market at 9|reminder
Ping me at 5 to start cooking dinner|reminder
Catch me before I forget to pay the bill|reminder
At 6 sharp, let me know it's time for gym|reminder
Push a nudge for tomorrow's doctor visit at 11|reminder
Make sure I take my laptop charger before leaving|reminder
When it's midnight, tell me to stop coding|reminder
Wake me up in 6 hours, no excuses|reminder
Send me a nudge in one hour for laundry|reminder
Let me know when 2 PM hits to call the bank|reminder
Catch me at 8 AM with a heads-up to post that tweet|reminder
Tell me in 10 minutes to take the cake out|reminder
Tap me before I forget to pack the charger|reminder
Buzz me in 3 hours to shut off the geyser|reminder
Notify me next Friday to submit the assignment|reminder
I need a heads-up tomorrow morning for my shift|reminder
Set an alarm-like thing for 7 PM meds|reminder
Help me remember to upload the video after class|reminder
Tell me to pick up my shoes before 5 PM|reminder
Ping me next Wednesday before the team meeting|reminder
Give me a signal when it's time to check the email|reminder
Prompt me every night at 10 to sleep on time|reminder
Don't let me forget lunch with dad on Sunday|reminder
When it's 9 AM, tell me to review the plan|reminder
Alert me tonight to write in my journal|reminder
Message me when I should start packing|reminder
At 3 PM, make me check the project files|reminder
Poke me on Saturday about the coding contest|reminder
Hit me up in 15 minutes to take a break|reminder
Buzz me every morning for my daily affirmations|reminder
Tell me to wrap things up at 11 PM daily|reminder
Cue me when it's almost 8 so I can prep dinner|reminder
Watch the clock — I need a poke at 4:45|reminder
Check in with me tomorrow morning for groceries|reminder
Make some noise at 6:30 AM to wake me up|reminder
Hey, don't let me forget to respond to Riya|reminder
Catch me in an hour to finish my to-do list|reminder
Whisper something at 10 PM so I go offline|reminder
Alert me in 20 minutes to grab the clothes|reminder
Let's set up something for Tuesday morning prep|reminder
If it's 8 already, tell me to get moving|reminder
Keep me posted at 3 so I call the doctor|reminder
Shake me awake at 5:50|reminder
Tell me when it's 12:30 so I join the class|reminder
Wake me just before sunrise for meditation|reminder
Don't let me blank out on sending that text tonight|reminder
Don't let me skip my workout this evening|reminder
Make sure I send that invoice after lunch|reminder
Give me a shout when it's almost time for the meeting|reminder
Hey, at 9:30, tell me to check in with my manager|reminder
If it's 5 already, I need to wrap up the design|reminder
Can you poke me at 3 to call dad?|reminder
Nudge me when it's nearly sunset — I need to go out|reminder
Let's not forget the grocery list tonight|reminder
Buzz me when it's time for the online class|reminder
Shoot me a heads-up around 7 AM tomorrow|reminder
I always forget the bin — remind me on Wednesday night|reminder
At 10, make sure I plug in my laptop|reminder
Catch me at 11 sharp to take the meds|reminder
If I'm still on my phone at midnight, tell me to sleep|reminder
Wake me up gently around 5:45|reminder
Message me before 4 to prep the presentation|reminder
Don't let me walk out without the charger again|reminder
When it's almost 6, tell me to shut down everything|reminder
If you see me idle at 2, tell me to get back to work|reminder
Knock me out of YouTube by 9 PM please|reminder
Shoot me a ping every Saturday for the laundry|reminder
Hey, remind me — no wait — tell me to eat before 3|reminder
I need to follow up with Rahul after lunch, help me out|reminder
If it's Friday evening, make me check my calendar|reminder
Make sure I don't miss the new episode drop tomorrow|reminder
Give me a hint before my 8 PM stream|reminder
Call it out when it's time for evening prayer|reminder
Watch the time — I've got to water the plants at 6|reminder
Let me know at 9 to join the study group|reminder
Help me not forget the document submission tonight|reminder
Send a heads-up when the clock hits 2 PM|reminder
Whisper something at 11 so I can call grandpa|reminder
Help me stick to my 10 PM sleep schedule|reminder
Make sure I step out for the walk at 7|reminder
Buzz me once the pasta's been cooking for 15 mins|reminder
Let me know when it's 6:30 — call with Maya|reminder
Don't let me miss the sunset photo today|reminder
Ping me before 10 so I can send the daily report|reminder
Before noon, I need to cancel that subscription|reminder
Get me out of this scroll loop by 9|reminder
Every day at 1, push me to eat something|reminder
Poke me tonight to back up my files|reminder
Remind me — oh wait, just flash something when it's 5|reminder
Kick me into work mode around 10|reminder
Drop me a nudge when it's almost class time|reminder
Can you shout when the timer hits 45 minutes?|reminder
At 8 PM, just yell “study!” or something|reminder
Make me check the task board at 4|reminder
Throw me a signal before dinner to call Nina|reminder
Don't let me forget to record that voice note later|reminder
Get me ready by 7 AM — I've got errands|reminder
Tap me at 2 to grab my keys|reminder
It's my turn for dishes tonight — remind me... scratch that, just let me know around 9|reminder
Tell me before 6 to take the dog out|reminder
Help me catch the bus at 7 sharp|reminder
Buzz me when the clock says 12:59 — important email time|reminder
"Just scream ""hydrate!"" every 2 hours or so"|reminder
Keep me aware of my 11 AM call, okay?|reminder
If I haven't moved by 3, yell break time|reminder
Call my name when it's about to hit 4|reminder
jot down a reminder for my morning run|reminder
Let me know when it's 3 so I can text mom|reminder
Catch me before the clock hits 6 PM — yoga time|reminder
Buzz me if I'm still gaming at 10 tonight|reminder
When it hits noon, nudge me to grab lunch|reminder
Don't let me snooze past 5:30 tomorrow|reminder
Help me remember to log my expenses after work|reminder
At 8:15, just tell me to breathe and relax|reminder
If I'm still online after midnight, shut me down|reminder
Right before class, hit me with a “focus” alert|reminder
Keep me in check for my 4 PM coaching call|reminder
If I'm on my phone too long, slap me with a notice|reminder
Make sure I water the succulents this evening|reminder
Let's not forget the 7 PM group call|reminder
When the clock says 6:45, shout “get ready!”|reminder
Give me a prod when it's nearly 2|reminder
Don't let me skip breakfast tomorrow|reminder
Before 11, remind me to stretch|reminder
When I sit idle too long, shake me up|reminder
I need a warning 10 minutes before the webinar|reminder
Tell me to feed the cat before bedtime|reminder
Interrupt me at 9 AM so I don't miss the mail|reminder
Just don't let me miss my evening medicine|reminder
Bother me around 4:30 to go for a walk|reminder
Warn me at 6:50 to leave for tuition|reminder
Prompt me to check the fridge before I sleep|reminder
Nudge me during lunch to respond to that email|reminder
If I haven't left home by 7:20, yell at me|reminder
Wake me just in time for the match at 3|reminder
Remind me—actually no, just tell me when it's 10:05 sharp|reminder
When it's 2 minutes before class, go loud|reminder
Tap me when the laundry is done|reminder
Buzz me 15 minutes before the birthday call|reminder
Get me moving before 9 AM hits|reminder
Tell me to submit the form before 5|reminder
Throw a fit if I ignore dinner again at 8|reminder
Ping me if the clock shows 3:01 and I'm still scrolling|reminder
Help me prep before that 4 PM call|reminder
Push me out of bed around 6:30 please|reminder
Don't let me zone out and miss the evening ritual|reminder
Send a whisper around 1 — assignment check|reminder
If I haven't blinked by 11, remind me I'm alive|reminder
Tell me to clean the desk before my 10 AM meeting|reminder
Before I start binge-watching, make me email my teacher|reminder
Right after lunch, mention that invoice thing|reminder
Help me quit Instagram before 8 PM|reminder
Light me up when it's almost 7|reminder
Keep me sharp around 9:45 — big moment coming|reminder
At 10, flash “check planner” or something|reminder
Time check me before my 5:30 cab ride|reminder
Remind—wait, just ring something when it's dusk|reminder
Tell me to recharge the camera before 3|reminder
Catch me slipping on the call with uncle|reminder
If I'm in chill mode at 2, slap me into focus mode|reminder
can you make sure I remember to drink water every 2 hours?|reminder
throw in a note to call Rahul tonight|reminder
add something to bug me about gym at 6|reminder
schedule a “don't be lazy” reminder for every morning|reminder
keep me posted about my 3PM zoom|reminder
save a heads-up for when my meds are due|reminder
remind me to check the washing machine in 30|reminder
I'll need a nudge for that 5PM meeting|reminder
Nudge me when it's time to take my pills|reminder
Don't let me forget mom's anniversary tomorrow|reminder
Set a reminder to pay the light bill|reminder
Make sure I don't miss that 4PM call today|reminder
Yo, remind me to text her back later|reminder
Ping me about the exam date next Monday|reminder
Remind me to grab eggs on my way back|reminder
Keep a note to remind me of my morning run|reminder
Don't let me skip my 10-minute meditation tomorrow|reminder
I need a reminder to check the washing machine in 1 hour|reminder
Set a quick reminder to stretch every hour|reminder
Remind me to back up my files tonight|reminder
Tell me to take a deep breath every now and then|reminder
Hey, I gotta call my uncle at 8, remind me|reminder
Mark a reminder for that team review on Friday|reminder
Remind me to stop binge-watching by midnight|reminder
Make sure I don't forget to book the tickets|reminder
Put a note to remind me to email the boss|reminder
Remind me to smile more tomorrow 😅|reminder
Nisha, set a reminder to feed the cat at 6PM|reminder
Remind me to bring snacks for the group|reminder
Create a reminder for dad's doc appointment|reminder
Let me know when it's 3PM sharp, I got a thing|reminder
Jot down a reminder to finish that assignment|reminder
Remind me to get my charger before I leave|reminder
Set one for my yoga class at 7 in the morning|reminder
Don't let me miss the Netflix drop this Friday|reminder
Quick reminder to water the plants, please|reminder
Put a mental pin in my dentist visit next week|reminder
Make sure I follow up with Riya after 2 days|reminder
Need a ping to take my break at 5|reminder
Remind me to take out the trash in the evening|reminder
I need a heads-up about the seminar tomorrow|reminder
Drop me a note to renew the subscription|reminder
Mark it — best friend's birthday on Saturday|reminder
Put in a recurring reminder for weekly check-ins|reminder
Help me remember to unplug the iron later|reminder
I always forget laundry — set one for that, pls|reminder
Note to self: update my resume — remind me!|reminder
Push a reminder to drink water at regular intervals|reminder
Let me know when it's time to leave for college|reminder
Remind me to clean my inbox this weekend|reminder
Put that reminder to call grandma this Sunday|reminder
Nudge me to finish my slides before bed|reminder
Alert me to refill my prescription next Friday|reminder
Note that I gotta cancel the free trial soon|reminder
Send me a reminder about the coding contest|reminder
Set one up to pack my bag tonight|reminder
Help me remember my meeting with Aman|reminder
Don't let me miss the flash sale tomorrow!|reminder
Remind me to check the power meter reading|reminder
mark down “buy eggs” for later|reminder
put a sticky note in my brain for dad's gift|reminder
make sure I ping myself for that task at 10|reminder
help me not forget that crazy deadline tomorrow|reminder
throw a mental post-it about submitting the form|reminder
tell me to call that weird number at lunch|reminder
shoot me a note when it's time to walk the dog|reminder
nudge me for the pizza delivery in 40 mins|reminder
yo, don't let me miss that 8am alarm thing|reminder
can I get a poke for my 4pm stretch break?|reminder
make an alert for when it's time to clean my desk|reminder
flag me when the groceries should be ordered|reminder
get me a beep for watering the plants tonight|reminder
add “text boss” to my mental to-do list|reminder
note down “don't be late to class”|reminder
make it so I remember my umbrella tomorrow|reminder
alarm me at 6 sharp for jogging|reminder
set up a timer for checking emails at 3|reminder
alert me when it's 10 for that phone call|reminder
keep me on track with a 5-minute timer now|reminder
give me a heads-up before the movie starts|reminder
poke me when it's 1pm for lunch|reminder
add “buy batteries” to my brain stash|reminder
can I get a zap to clean up my desktop later?|reminder
throw in a “call grandma” at 6pm|reminder
give me a vibe when it's study time|reminder
drop a “time to chill” for tonight|reminder
bug me in the morning to meditate|reminder
make sure I remember to send that email|reminder
drop a line when it's 9:45 for that thing|reminder
slap me with a “don't forget the trash” reminder|reminder
help me stay on track with a sleep alert at 11|reminder
get in my face if I don't take a break at 4|reminder
I'll need help remembering to pick up the parcel|reminder
schedule a future nudge for my assignment review|reminder
can you log a reminder to read that book later?|reminder
ping me to post that thing on Insta at noon|reminder
I wanna remember to breathe — like literally — remind me every hour|reminder
schedule that “water the cactus” moment around sunset|reminder
give me a soft reminder about turning off the heater at night|reminder
note it down: pick up dry cleaning at 5|reminder
slap a brain sticker for groceries today|reminder
help me track that payment deadline|reminder
insert a memory about that 3:30 event today|reminder
let's not forget laundry after this call|reminder
set my memory bank for vitamin C at 9am|reminder
nudge me before the sun goes down to feed the cat|reminder
remind me with sass to hydrate, like seriously|reminder
get loud if I don't start studying by 8pm|reminder
lock in a calendar ding for the team huddle|reminder
hey, save “don't skip breakfast” as a reminder|reminder
throw me a signal to charge my phone by 10|reminder
log in “prep slides” for my meeting tomorrow|reminder
alert me gently to stretch at 11|reminder
don't let me forget to call Neha before dinner|reminder
get something on record for my parcel pickup|reminder
set an alert to change my wallpaper every Sunday|reminder
write down “send love note to self every Friday”|reminder
tell me to unplug my charger when full|reminder
store “birthday gift for Amit” in reminders|reminder
bug me sweetly about meditation at 6am|reminder
remind me that I'm awesome — at 9pm daily|reminder
throw in “wash face before bed” forever|reminder
save “update resume” as a mental poke|reminder
cue me at noon for break time chaos|reminder
prepare a wake-up punch for 7am tomorrow|reminder
remind me to close my tabs before sleep|reminder
jot down “follow up on NISHA's memory logs”|reminder
can I get a voice whisper to call back that unknown number?|reminder
register a repeating alert for my evening walk|reminder
remind me gently to smile at strangers today|reminder
mark my brain for “check bank app” at 2|reminder
nudge me about submitting the survey before 5|reminder
hit me with “deep breaths” at 3 random hours|reminder
set up “buy new mousepad” for this weekend|reminder
log that I need to check CPU temps weekly|reminder
do not let me forget to back up my files tonight|reminder
drop a line for “tea with Tanvi” this evening|reminder
hold this reminder: upload project files by 11|reminder
remind me to buy milk at 6 PM|reminder
set a reminder for my meeting tomorrow|reminder
remind me to call mom|reminder
set a reminder for dentist appointment|reminder
remind me in one hour to stretch|reminder
create a reminder to pay bills|reminder
set a reminder to call mom at 7 PM|reminder
don't let me forget to submit the report tomorrow|reminder
alert me when it's time to take my medicine|reminder
please notify me about the meeting at 3 PM|reminder
can you remind me to pick up groceries later|reminder
set an alarm for 8 AM to wake up|reminder
ping me when it's time to leave for the airport|reminder
create a reminder for my dentist appointment on Friday|reminder
let me know when it's time to water the plants|reminder
alert me to take a break every hour|reminder
remind me to call the client at noon|reminder
set a timer for 30 minutes|reminder
notify me about the webinar starting at 5 PM|reminder
please remind me to send the email in the morning|reminder
can you set a reminder for my workout session|reminder
alert me to check the oven in 20 minutes|reminder
set a reminder to pay the bills on the 1st|reminder
please notify me when the laundry is done|reminder
remind me to take my umbrella when I leave|reminder
set an alarm for the meeting at 10 AM|reminder
please remind me to call the plumber|reminder
alert me to pick up the dry cleaning|reminder
create a reminder for the doctor's appointment|reminder
let me know when it's time to start dinner|reminder
remind me to send the birthday card|reminder
set a timer for 15 minutes to check the cake|reminder
please notify me about the conference call|reminder
alert me to take my vitamins|reminder
remind me to call the bank tomorrow|reminder
set a reminder to water the garden|reminder
please notify me when it's time to leave for the appointment|reminder
create a reminder to pick up the prescription|reminder
let me know when it's time to take a walk|reminder
remind me to check the mail|reminder
set an alarm for the workout session|reminder
please notify me to call the insurance company|reminder
alert me to take a break every two hours|reminder
remind me to schedule the meeting|reminder
set a reminder to clean the house|reminder
please notify me when it's time to leave for the event|reminder
create a reminder to buy tickets for the movie|reminder
let me know when it's time to start the laundry|reminder
remind me to call the customer back|reminder
set a timer for 45 minutes|reminder
please notify me about the package delivery|reminder
alert me to take my medication|reminder
remind me to check the oven in 10 minutes|reminder
set a reminder to call the mechanic|reminder
please notify me when it's time to leave for the meeting|reminder
create a reminder to pick up the groceries|reminder
let me know when it's time to take a nap|reminder
remind me to send the thank-you email|reminder
set an alarm for the conference|reminder
please notify me to call the client at 2 PM|reminder
alert me to take a walk every day at 6 PM|reminder
remind me to check the oven in 5 minutes|reminder
set a reminder to call the electrician|reminder
please notify me when it's time to leave for the airport|reminder
create a reminder to pick up the kids from school|reminder
let me know when it's time to start the meeting|reminder
remind me to send the invoice|reminder
set an alarm for the doctor's appointment|reminder
please notify me to call the dentist|reminder
alert me to take a break every 90 minutes|reminder
remind me to schedule the follow-up meeting|reminder
set a reminder to clean the kitchen|reminder
please notify me when it's time to leave for the dinner|reminder
create a reminder to buy the birthday gift|reminder
let me know when it's time to start the presentation|reminder
remind me to call the service provider|reminder
set an alarm for the webinar|reminder
please notify me to call the contractor|reminder
alert me to take a walk every morning|reminder
remind me to check the laundry|reminder
set a reminder to call the caterer|reminder
create a reminder to pick up the cake|reminder
remind me to send the follow-up email|reminder
set an alarm for the conference call|reminder
can you alert me to check emails at 9 AM|reminder
set a notification to call dad this evening|reminder
please notify me to book a taxi at 5 PM|reminder
make sure to tell me to pay the rent on the 5th|reminder
set a heads-up for my yoga class tomorrow morning|reminder
don't forget to notify me about the team meeting|reminder
alert me when it's time to start my presentation|reminder
can you set a heads-up for the movie night|reminder
please make a note to order dinner by 7 PM|reminder
set a notification for the project deadline next week|reminder
tell me to check the fridge before shopping|reminder
alert me about the friend's birthday next Monday|reminder
please remind me to update the software tonight|reminder
make sure I don't miss the webinar at noon|reminder
set an alarm to call the insurance agent|reminder
notify me to prepare documents for the meeting|reminder
tell me when it's time to take out the trash|reminder
alert me about the dentist appointment next Wednesday|reminder
please set a notification for the gym session|reminder
make a note to pay credit card bill by Friday|reminder
can you tell me when to pick up the package|reminder
alert me about the car service due date|reminder
notify me to send invites for the party|reminder
please remind me to water the office plants|reminder
set a heads-up to check my bank statement|reminder
tell me to switch off the lights at midnight|reminder
alert me when it's time for the meditation session|reminder
please remind me to backup my files tonight|reminder
make sure I don't forget to feed the dog|reminder
notify me about the community event tomorrow|reminder
set a heads-up for the school parent-teacher meeting|reminder
tell me when it's time to renew the passport|reminder
alert me to check my email for the confirmation|reminder
please remind me to call the electrician tomorrow|reminder
make a note to finish reading the book by weekend|reminder
set an alarm to start cooking dinner at 6 PM|reminder
notify me to buy groceries for the party|reminder
tell me when it's time to take a break from work|reminder
alert me about the flight check-in time|reminder
please remind me to send the monthly report|reminder
make sure to tell me to pick up the kids early|reminder
set a heads-up for the book club meeting|reminder
notify me when it's time to start the exam|reminder
tell me to recharge my phone by evening|reminder
alert me about the subscription renewal next month|reminder
please remind me to send birthday wishes to Sarah|reminder
make a note to clean the garage this weekend|reminder
set an alarm to water the garden at dawn|reminder
notify me to check the projector before the presentation|reminder
tell me when to take my lunch break|reminder
alert me about the yoga retreat registration deadline|reminder
please remind me to submit the expense form|reminder
make sure I remember to call the vet|reminder
set a notification to buy a gift for mom|reminder
notify me when it's time to switch internet providers|reminder
tell me to check tire pressure next week|reminder
alert me about the quarterly taxes due date|reminder
please remind me to schedule a haircut appointment|reminder
make a note to send out newsletters on Friday|reminder
set an alarm for the family dinner on Sunday|reminder
notify me to refill the prescription soon|reminder
tell me when it's time to renew car insurance|reminder
alert me about the maintenance checkup next month|reminder
please remind me to call the plumber on Tuesday|reminder
make sure to tell me to buy concert tickets|reminder
set a heads-up to pick up dry cleaning|reminder
notify me when it's time to submit the thesis|reminder
tell me to water the plants after work|reminder
alert me about the library book return deadline|reminder
please remind me to schedule the annual health checkup|reminder
make a note to check social media updates|reminder
set an alarm to remind me to exercise daily|reminder
notify me to prepare presentation slides|reminder
tell me when to check the mailbox|reminder
alert me about the charity event registration|reminder
please remind me to cancel the gym membership if needed|reminder
make sure I remember to clean the kitchen|reminder
set a notification to call the bank manager|reminder
notify me when it's time to start the house renovation|reminder
tell me to pick up the dry cleaning on Saturday|reminder
alert me about the school admission deadline|reminder
please remind me to send thank-you notes|reminder
make a note to check the weather forecast daily|reminder
set an alarm for the conference registration deadline|reminder
notify me to update the team about the project status|reminder
tell me when to water the indoor plants|reminder
alert me about the visa application status|reminder
please remind me to book a hotel for vacation|reminder
make sure to tell me to pay the electricity bill|reminder
set a heads-up for the dentist appointment follow-up|reminder
notify me when it's time to renew the driver's license|reminder
tell me to check the car oil level|reminder
alert me about the appointment with the financial advisor|reminder
please remind me to book a table at the restaurant|reminder
make a note to review the contract before signing|reminder
set an alarm to remind me to drink water|reminder
notify me to prepare the guest room|reminder
tell me when to pick up the parcel from the post office|reminder
alert me about the upcoming workshop|reminder
please remind me to check the security system|reminder
make sure I don't forget to water the balcony plants|reminder
set a notification to check the smoke detectors|reminder
notify me when it's time to take a walk outside|reminder
tell me to schedule a dentist appointment|reminder
alert me about the library book due date|reminder
please remind me to update my resume|reminder
make a note to check the oven timer|reminder
set an alarm to remind me to stretch during work|reminder
notify me to order office supplies|reminder
tell me when to check the bank account balance|reminder
alert me about the vaccination appointment|reminder
please remind me to backup the computer files|reminder
make sure to tell me to turn off the stove after cooking|reminder
set a heads-up to water the lawn|reminder
notify me when it's time to schedule a car wash|reminder
tell me to check the mail at noon|reminder
alert me about the upcoming parent-teacher conference|reminder
please remind me to send the client proposal|reminder
make a note to pay the internet bill on time|reminder
set an alarm to remind me about daily meditation|reminder
notify me to check the printer ink levels|reminder
tell me when to lock the doors at night|reminder
alert me about the package pickup deadline|reminder
please remind me to check the calendar for appointments|reminder
make sure I don't forget to call the electrician|reminder
set a notification to check the security cameras|reminder
notify me when it's time to schedule a meeting|reminder
tell me to replace the air filters|reminder
alert me about the pet vaccination schedule|reminder
please remind me to submit the project proposal|reminder
make a note to check the oil change schedule|reminder
can you nudge me to check the mail this afternoon|reminder
set a heads-up for my online class tomorrow|reminder
please alert me to call the lawyer next week|reminder
don't forget to tell me to update the password|reminder
notify me when it's time to check the garden|reminder
make a note to schedule a meeting with HR|reminder
remind me to prepare the budget report|reminder
please notify me to take the dog for a walk|reminder
set an alarm to remind me to drink tea at 4 PM|reminder
alert me about the library book due in three days|reminder
tell me to clean the car this weekend|reminder
please set a reminder to pick up the kids from practice|reminder
notify me when it's time to start the laundry|reminder
make sure I remember to call the plumber on Thursday|reminder
set a heads-up for the quarterly review meeting|reminder
alert me to check the mailbox after 3 PM|reminder
please notify me to pay the water bill|reminder
tell me to schedule a dentist appointment next month|reminder
set an alarm to remind me to take a break at noon|reminder
notify me when it's time to renew my subscription|reminder
make a note to send the project update by Friday|reminder
remind me to pick up the prescription this evening|reminder
please alert me to book a taxi for the airport|reminder
tell me to check the oven at 5 PM|reminder
set a notification to water the plants tomorrow morning|reminder
notify me to submit the tax documents|reminder
make sure I don't forget to call mom tonight|reminder
alert me when it's time to start my workout|reminder
please remind me to finish the book by next week|reminder
set a heads-up for the team lunch on Wednesday|reminder
tell me to check the smoke alarm batteries|reminder
notify me to clean out the fridge this weekend|reminder
make a note to schedule the car service|reminder
remind me to send thank-you emails after the event|reminder
please alert me to order office supplies|reminder
set an alarm to check the baby monitor|reminder
notify me when it's time to water the lawn|reminder
tell me to pack the gym bag|reminder
make sure I remember to call the vet tomorrow|reminder
alert me about the renewal of my driver's license|reminder
please remind me to buy groceries on Friday|reminder
set a notification to check the mailbox daily|reminder
notify me to pick up dry cleaning on Saturday|reminder
tell me to check the battery levels on devices|reminder
make a note to schedule a health checkup|reminder
remind me to send the invitations by Monday|reminder
please alert me to start the conference call at 10 AM|reminder
set an alarm to remind me to check the mail|reminder
notify me when it's time to pay credit card bills|reminder
tell me to water the indoor plants on weekends|reminder
make sure I don't forget to lock the door at night|reminder
alert me about the appointment with the dentist|reminder
please remind me to submit the report before noon|reminder
set a heads-up for the client meeting next Tuesday|reminder
notify me to clean the house before guests arrive|reminder
tell me to check the gas meter reading|reminder
make a note to schedule a haircut appointment|reminder
remind me to back up my computer files weekly|reminder
please alert me to take out the trash every evening|reminder
set a notification to pay the electricity bill|reminder
notify me when it's time to book the flight tickets|reminder
tell me to prepare the presentation slides|reminder
make sure I remember to call the school office|reminder
alert me when it's time to take a break during work|reminder
please remind me to check the package delivery status|reminder
set an alarm to remind me to water the balcony plants|reminder
notify me to schedule a meeting with the finance team|reminder
tell me to send the follow-up emails|reminder
make a note to order a birthday cake|reminder
remind me to check the calendar for appointments|reminder
please alert me to clean the garage this weekend|reminder
set a heads-up for the parent-teacher conference|reminder
notify me when it's time to renew my passport|reminder
tell me to check the tire pressure next month|reminder
alert me about the pet's vaccination schedule|reminder
please remind me to update the software on Friday|reminder
set a notification to water the garden in the morning|reminder
notify me when it's time to schedule the car inspection|reminder
tell me to pick up groceries for the week|reminder
make a note to check the smoke detectors monthly|reminder
remind me to send the client proposal by Thursday|reminder
please alert me to call the bank manager|reminder
set an alarm to remind me to stretch every hour|reminder
notify me to refill the printer ink|reminder
tell me to lock the windows before sleeping|reminder
make sure I remember to take the recycling out|reminder
please remind me to pay the gym membership renewal|reminder
set a heads-up for the business conference next month|reminder
notify me when it's time to clean the fish tank|reminder
tell me to check the mailbox after work|reminder
make a note to schedule a dental cleaning|reminder
remind me to back up photos weekly|reminder
please alert me to update the contact list|reminder
set a notification to water the plants on Friday|reminder
notify me when it's time to order office stationery|reminder
tell me to check the car's oil level|reminder
make sure I don't forget to send the birthday card|reminder
alert me about the upcoming medical appointment|reminder
please remind me to clean the air conditioner filters|reminder
remind me every day at 7 AM to meditate|reminder
set a reminder to take my pills|reminder
remind me to water plants|reminder
remind me on Friday to send report|reminder
set a reminder for yoga class|reminder
remind me to pick up laundry|reminder
remind me in 30 minutes about the call|reminder
create reminder for project deadline|reminder
remind me to book tickets|reminder
remind me week before birthday|reminder
set reminder for invoice due date|reminder
remind me to check emails|reminder
remind me daily to drink water|reminder
set a reminder for car service|reminder
remind me to send that email|reminder
set a reminder to update software|reminder
remind me to backup files|reminder
remind me at noon to eat lunch|reminder
set reminder for anniversary|reminder
remind me to attend webinar|reminder
remind me to exercise|reminder
set a reminder for goal review|reminder
remind me to journal|reminder
set a reminder for doctor visit|reminder
set a reminder to close all tabs|reminder
remind me to stretch|reminder
I need a reminder to study|reminder
set a reminder for 5pm|reminder
help me schedule my nap|reminder
remind me to chill later|reminder
alert me when it's time to close up|reminder
set a reminder to close the curtains at 8|reminder
remind me to close the garage later|reminder
schedule a note to shut things down|reminder
hey, set a reminder for|reminder
Nisha, remind me to|reminder
can you remind me about|reminder
please remind me to|reminder
yo, set a reminder for|reminder
don't let me forget to|reminder
set a reminder for|reminder
remind me at|reminder
could you set a reminder for|reminder
hey Nisha, remind me at|reminder
can you set a reminder for|reminder
set a reminder to|reminder
tell me to|reminder
don't forget to remind me about|reminder
hey, remind me about|reminder
could you remind me to|reminder
set an alert for|reminder
can you remind me when|reminder
Nisha, set a reminder to|reminder
please set a reminder for|reminder
remind me to call John at 6|reminder
set an alarm for 7 AM|reminder
remind me about the meeting at 3|reminder
set a reminder for lunch|reminder
notify me to take meds at 10|reminder
create a reminder: gym at 5|reminder
alarm me at 9|reminder
ping me when it's 4 PM|reminder
remind me tomorrow morning to email boss|reminder
hey, remind me to call John at 6|reminder
set an alarm for 7 AM, pls|reminder
yo, remind me about the meeting at 3|reminder
can you remind me about lunch?|reminder
ping me to take meds at 10|reminder
set up a reminder: gym at 5|reminder
don't forget to remind me about meds at 10|reminder
set a reminder for the gym at 5, thanks|reminder
set a timer for my workout in 30 minutes|reminder
don't forget to remind me to pick up groceries|reminder
remind me to call dad at 8 PM|reminder
set a reminder for coffee break at 11|reminder
hey, remind me to call Anna at 7|reminder
can you remind me about the event at 5 PM|reminder
set a reminder to call the bank|reminder
please remind me to take out the trash|reminder
remind me at 1 PM to check my email|reminder
remind me at 4 PM to review the report|reminder
set a reminder to buy new shoes|reminder
tell me to start dinner at 6|reminder
set an alarm for 7:30 AM|reminder
ping me at 9:30 AM to drink water|reminder
hey, remind me to pick up my dry cleaning at 4|reminder
remind me to call Emily at 9|reminder
can you ping me when it's time for the meeting at 10 AM|reminder
remind me tomorrow to send the report|reminder
please remind me to return that call|reminder
set a reminder for my workout at 8 AM|reminder
remind me about the interview at 11|reminder
set a reminder to finish reading the book|reminder
can you remind me to pack for the trip|reminder
hey Nisha, don't forget to remind me about the call at 3 PM|reminder
set a reminder to visit the bank tomorrow|reminder
remind me to send a thank-you email to the client|reminder
yo, set a reminder for my yoga session at 6|reminder
please ping me when it's time to leave for the meeting|reminder
set an alarm for my 9 PM class|reminder
don't forget to remind me to meet with Tom at 2 PM|reminder
remind me at 12 to check the documents|reminder
remind me to take the dog for a walk at 4|reminder
set a reminder to schedule my next doctor's visit|reminder
hey, remind me to call for an appointment at 3|reminder
set a reminder to update my resume|reminder
remind me to return that book to the library|reminder
ping me at 8 AM for my morning routine|reminder
alert me at noon|reminder
remind me in 20 minutes|reminder
set a reminder for tomorrow|reminder
don't let me forget the groceries|reminder
ping me at 8 PM|reminder
wake me up at 7|reminder
schedule an alarm for 6:30|reminder
can you remind me later?|reminder
set a note for my meeting|reminder
nudge me about the call|reminder
keep this on my radar|reminder
buzz me in 10|reminder
log this as a reminder|reminder
mark this for later|reminder
drop me a reminder|reminder
remind me about the meeting|reminder
schedule a reminder for workout|reminder
set a reminder for lunch break|reminder
set a reminder to drink water|reminder
set a timer for 10 minutes|reminder
remind me to check the mailbox at 5|reminder
set a reminder for meditation at 6 AM|reminder
please let me know when it's time to call the vet|reminder
drop a note to remind me to file taxes|reminder
remind me to log off by midnight|reminder
nudge me tomorrow to clean the garage|reminder
give me a heads up to call Priya|reminder
ping me before my online class|reminder
set a reminder to stretch every hour|reminder
remind me next week to back up my laptop|reminder
create a reminder for mom's birthday|reminder
buzz me when it's tea time|reminder
let me know when it's 3 PM sharp|reminder
remind me before the sunset to take photos|reminder
flag this task to follow up later|reminder
remind me to switch off the geyser|reminder
help me remember to pay rent|reminder
set up a heads-up for my dentist appointment|reminder
set a ping for my 5 PM yoga class|reminder
nudge me to prep dinner at 6:15|reminder
remind me in the evening to review notes|reminder
give me a poke at 2 PM to call the shop|reminder
add a reminder to clean out my inbox|reminder
can you remind me to charge my phone tonight?|reminder
remind me to send that invoice before lunch|reminder
tell me when it's time to book the cab|reminder
drop a ping to refill the water bottle at noon|reminder
remind me about the team check-in call|reminder
schedule a note to go for a walk after 8|reminder
remind me to unplug the charger before bed|reminder
ping me when it's time to stop scrolling|reminder
set a gentle reminder to breathe and pause|reminder
let me know when it's 10:15 for that session|reminder
please remind me to lock the windows|reminder
mark 3 PM as a reminder to call the plumber|reminder
tell me to wind down at 9:30|reminder
send me a ping for budget planning tomorrow|reminder
flag this as a reminder for project deadline|reminder
remind me to print the tickets by tonight|reminder
help me remember to clean my desktop|reminder
set a reminder to shut down the computer|reminder
remind me to prep breakfast stuff tonight|reminder
give me a buzz before I leave work|reminder
nudge me to read for 30 minutes post-dinner|reminder
remind me to update the app|reminder
alert me to send birthday wishes to Riya|reminder
ping me before the new episode airs|reminder
note down: call uncle at 4|reminder
set a reminder to check in with my team|reminder
buzz me before 11 to check my to-do list|reminder
remind me to call the electrician at 10|reminder
set a reminder to check the oven in 45 minutes|reminder
please remind me to send the birthday card|reminder
alert me to water the indoor plants tomorrow|reminder
remind me to submit the assignment by 11 PM|reminder
set a reminder to pick up the laundry|reminder
don't let me forget to attend the webinar at 3|reminder
remind me to take the car for servicing next week|reminder
set a reminder to buy groceries after work|reminder
ping me to call grandma this evening|reminder
remind me to renew my subscription before it expires|reminder
set a reminder to book a table for dinner|reminder
please alert me to check the stock market at noon|reminder
remind me to take a walk during lunch break|reminder
set a reminder to call the insurance company|reminder
don't forget to remind me about the dentist appointment|reminder
remind me to send the follow-up email tomorrow|reminder
set a reminder to clean the aquarium this weekend|reminder
please remind me to charge my laptop tonight|reminder
remind me to call the plumber in the morning|reminder
set a reminder to pay the electricity bill|reminder
don't let me forget to water the garden|reminder
remind me to schedule a meeting with the team|reminder
set a reminder to buy a gift for the anniversary|reminder
please alert me to check the weather forecast|reminder
remind me to take the recycling out on Friday|reminder
set a reminder to call the bank regarding the loan|reminder
don't forget to remind me to update the software|reminder
remind me to take a break every hour|reminder
set a reminder to order the new office supplies|reminder
please remind me to back up my files|reminder
alert me to review the quarterly report|reminder
remind me to schedule a haircut appointment|reminder
set a reminder to check the mailbox|reminder
don't let me forget to send the thank-you notes|reminder
remind me to clean the coffee machine|reminder
set a reminder to call the doctor for test results|reminder
please alert me to water the lawn in the evening|reminder
remind me to update my resume|reminder
set a reminder to buy tickets for the concert|reminder
don't forget to remind me to call the travel agent|reminder
remind me to check the tire pressure|reminder
set a reminder to send the invoice to the client|reminder
please remind me to pack for the business trip|reminder
alert me to attend the online workshop at 2 PM|reminder
remind me to clean the garage this weekend|reminder
set a reminder to call the vet for an appointment|reminder
don't let me forget to water the bonsai tree|reminder
remind me to send the holiday cards|reminder
remind me to send the monthly report by Friday|reminder
alert me one hour before the movie starts|reminder
ping me when it's time to submit the survey|reminder
drop a note to pick up medication at 6 PM|reminder
set a reminder to defrost chicken tonight|reminder
make a note to call the helpdesk at 10 AM|reminder
nudge me next Tuesday to prepare slides|reminder
remind me in three days to check the insurance policy|reminder
remind me to review the code before deployment|reminder
remind me to water the balcony plants on Monday|reminder
please remind me to pick up dry cleaning on Saturday|reminder
alert me to call tech support if there's an issue|reminder
give me a heads-up an hour before the meeting|reminder
remind me to send the package via courier|reminder
set a notice for five minutes before the timer ends|reminder
help me remember to meditate at dawn tomorrow|reminder
ping me when the timer hits zero|reminder
set a note to start the dishwasher after dinner|reminder
remind me to check car tire pressure monthly|reminder
remind me tomorrow to renew my gym membership|reminder
buzz me at 10:15 to review the budget|reminder
drop me a reminder to mail the letter|reminder
prompt me to schedule my dental cleaning|reminder
set a reminder for the team lunch at noon|reminder
tell me to buy stamps on my way to work|reminder
nudge me to call the IRS before the deadline|reminder
schedule a ping for the stock price check|reminder
give me an alert to check my credit score next week|reminder
please remind me to swap the laundry|reminder
set a memo to order new printer ink|reminder
remind me in 45 minutes to stretch my legs|reminder
remind me to update the calendar invite|reminder
alert me when battery hits 20 percent|reminder
ping me two hours before my flight|reminder
drop a note to follow up with the recruiter|reminder
help me remember to defog the bathroom mirror|reminder
set a reminder to organize the bookshelf|reminder
nudge me to practice piano at 4 PM|reminder
remind me to water the succulents weekly|reminder
remind me to charge the electric scooter|reminder
prompt me to call customer service|reminder
set an alert for the webinar at 7 PM|reminder
remind me to feed the fish twice a day|reminder
ping me to check the parking meter|reminder
ask me to clear notifications at 8 PM|reminder
remind me to clean the keyboard this weekend|reminder
alert me to update my password monthly|reminder
schedule a reminder to practice yoga daily|reminder
notify me when it's time for a break|reminder
set a reminder to check the mail folder at noon|reminder
wake me up at 6 AM|reminder
don't let me forget to call mom tonight|reminder
nudge me to check the oven in 30 minutes|reminder
make sure I take my medicine at 9 PM|reminder
buzz me when it's time to leave for the meeting|reminder
give me a heads-up to water the plants this evening|reminder
tap me when it's time to start cooking|reminder
alert me to pick up the kids at 3 PM|reminder
poke me to send the email before noon|reminder
signal me to take a break every hour|reminder
notify me to attend the webinar at 4 PM|reminder
ping me to call the dentist tomorrow morning|reminder
remind me to check the laundry in 45 minutes|reminder
let me know when it's time to feed the cat|reminder
prompt me to review the report before 5 PM|reminder
tell me to submit the assignment by midnight|reminder
wake me up for my flight at 4 AM|reminder
warn me about the traffic before I leave|reminder
cue me to start my workout at 7 PM|reminder
inform me when the package is out for delivery|reminder
buzz me to join the conference call at 2 PM|reminder
give me a nudge to check the stock market at opening|reminder
tap me to start the meditation session at 6 AM|reminder
alert me to refill the water bottle every hour|reminder
poke me to stand up and stretch every 30 minutes|reminder
signal me to check the oven in 20 minutes|reminder
notify me to leave for the airport at 10 AM|reminder
ping me to call the client after lunch|reminder
remind me to take the trash out tonight|reminder
let me know when it's time to shut down the computer|reminder
prompt me to check the mailbox in the afternoon|reminder
tell me to water the garden at sunset|reminder
wake me up early for the meeting tomorrow|reminder
warn me if I'm running late for the appointment|reminder
cue me to start the presentation at 3 PM|reminder
inform me when the battery is low|reminder
buzz me to check the weather before going out|reminder
give me a nudge to call grandma this weekend|reminder
tap me to start the laundry cycle|reminder
alert me to renew the subscription next week|reminder
poke me to check the fridge for expired items|reminder
signal me to take a walk during lunch break|reminder
notify me to pay the bills by the end of the day|reminder
ping me to check on the kids'homework|reminder
remind me to book the doctor's appointment|reminder
let me know when it's time to feed the dog|reminder
prompt me to prepare for the interview at 10 AM|reminder
tell me to call the bank during business hours|reminder
wake me up for the sunrise hike|reminder
warn me about the rain forecast for tomorrow|reminder
cue me to start the online class at 8 AM|reminder
remind me to check my calendar in the morning|reminder
set a reminder to empty the trash can tonight|reminder
don't forget to alert me for the Zoom call|reminder
remind me to grab a coffee before the call|reminder
ping me to stretch my legs every hour|reminder
alert me tomorrow morning to water my bonsai|reminder
give me a heads-up before my shift starts|reminder
remind me to send the school forms today|reminder
set an alarm for the meditation session at 6:45|reminder
remind me on Thursday to confirm my reservation|reminder
ping me to clean my glasses later|reminder
notify me at 5 to grab the groceries|reminder
set a memo to change the bedsheets|reminder
remind me in 90 minutes to take a break|reminder
drop a note to check the filters on Friday|reminder
remind me to clean out the fridge this weekend|reminder
alert me on Sunday evening to review my week|reminder
remind me to email my professor tonight|reminder
ping me when it's 3:45 to prep for the call|reminder
tell me to reschedule the vet appointment|reminder
remind me to uninstall unused apps|reminder
give me a nudge to update my software|reminder
set a reminder to clean my desktop icons|reminder
remind me to adjust my chair posture|reminder
ping me when it's time to take a power nap|reminder
don't forget to remind me to record the podcast|reminder
alert me when it's time to prep dinner|reminder
remind me to change my phone wallpaper monthly|reminder
set a ping for grocery planning every Friday|reminder
buzz me at 8:10 for water refill|reminder
remind me to polish my shoes on Saturday|reminder
set a reminder to submit timesheet by noon|reminder
nudge me to clean my email inbox|reminder
remind me to wash the car this weekend|reminder
ping me when it's 2:30 sharp for the interview|reminder
alert me to prep my lunchbox for tomorrow|reminder
remind me to send the calendar invite|reminder
set a reminder to text mom on her birthday|reminder
ping me to clean the microwave later|reminder
remind me to review the task list at 3 PM|reminder
don't forget to tell me about the group call|reminder
alert me when the laundry is done|reminder
remind me to vacuum the carpet this evening|reminder
ping me when the cookies need flipping|reminder
remind me to recharge my portable charger|reminder
nudge me tomorrow to write that blog post|reminder
set a memo for grocery restocking next Wednesday|reminder
remind me to pick up my shoes from the cobbler|reminder
ping me when the auction starts|reminder
remind me to cancel the free trial next week|reminder
alert me to prep breakfast at 7 AM|reminder
remind me to charge my wireless earbuds|reminder
ping me to stretch at 11 and 2|reminder
set a reminder to turn off the porch lights|reminder
tell me to clean the pet bowl later|reminder
remind me to prepare the guest room|reminder
notify me when it's time to refill printer paper|reminder
remind me to refill the soap dispenser|reminder
alert me to update app permissions|reminder
ping me to clean the fan blades this weekend|reminder
drop a note to call the neighbor about the fence|reminder
remind me to send the invoice to HR|reminder
set a reminder to clean behind the couch|reminder
buzz me for a 10-minute walk break at 4 PM|reminder
alert me when my phone battery hits 10%|reminder
remind me to set the thermostat before bed|reminder
nudge me to backup my photos|reminder
remind me to finish my travel checklist|reminder
set a ping for writing in my journal at 10 PM|reminder
drop a note to verify my subscription status|reminder
ping me to eat fruit at 3 PM|reminder
remind me to remove old calendar events|reminder
tell me to change my toothbrush|reminder
remind me to email the landlord about repairs|reminder
buzz me when the rice cooker is done|reminder
notify me to schedule my annual physical|reminder
remind me to check flight status tomorrow|reminder
alert me to disinfect my keyboard weekly|reminder
ping me to clean the stovetop|reminder
remind me to water the indoor herbs on Tuesday|reminder
set a reminder to practice breathing exercises|reminder
fuck|abuse
shit|abuse
asshole|abuse
bitch|abuse
bastard|abuse
dickhead|abuse
cunt|abuse
crap|abuse
bollocks|abuse
motherfucker|abuse
piss off|abuse
goddamn|abuse
cockwomble|abuse
tosser|abuse
prick|abuse
dipshit|abuse
knuckledragger|abuse
turd|abuse
puke|abuse
shithead|abuse
twat|abuse
scumbag|abuse
scrote|abuse
slimeball|abuse
bastardass|abuse
dingleberry|abuse
shitbag|abuse
fucknut|abuse
asswipe|abuse
jerkoff|abuse
jackass|abuse
fuckface|abuse
shitstick|abuse
poophead|abuse
spastic|abuse
sewer rat|abuse
slime|abuse
puke stain|abuse
greaseball|abuse
twatwaffle|abuse
dingus|abuse
assclown|abuse
filth|abuse
maggot|abuse
heretic|abuse
vermin|abuse
grease monkey|abuse
peabrain|abuse
halfwit|abuse
blockhead|abuse
you're an idiot|abuse
you're a moron|abuse
you're dumb as rocks|abuse
you have the intellect of a rock|abuse
you brain-dead fool|abuse
you're a complete imbecile|abuse
you're clueless|abuse
you're pathetic|abuse
you stupid clown|abuse
you're ridiculous|abuse
you're a joke|abuse
you clueless nincompoop|abuse
your thoughts are garbage|abuse
you literal dunce|abuse
you overcrowd the idiot spectrum|abuse
you tin-eared twit|abuse
you useless sack|abuse
you senseless dolt|abuse
you're brain-fried|abuse
you're a joyless peasant|abuse
you've got half a clue missing|abuse
you're a verbal vacuum|abuse
you're worthless|abuse
you dimwit|abuse
you sniveling fool|abuse
you vacant leech|abuse
you mindless drone|abuse
you bumbling buffoon|abuse
you're a dim bulb|abuse
you tone deaf numskull|abuse
you're a snooze fest|abuse
your presence bores me|abuse
you talk nonsense|abuse
you're pedestrian trash|abuse
you're lamentable|abuse
you're a dullard|abuse
you pompous peacock|abuse
you're vacuous|abuse
you worthless worm|abuse
you cloddish oaf|abuse
you're incompetent|abuse
you're a bumbling mess|abuse
you senseless hack|abuse
you're an embarrassment|abuse
you irritated me|abuse
you rude boor|abuse
you're insufferable|abuse
you careless baboon|abuse
you're subpar at best|abuse
you're a piece of junk|abuse
shut the fuck up|abuse
eat shit|abuse
go to hell|abuse
drop dead|abuse
crawl under a rock|abuse
go choke|abuse
shove it up your ass|abuse
beat it, loser|abuse
kick rocks|abuse
get bent|abuse
buzz off|abuse
piss right off|abuse
go take a hike|abuse
vanish forever|abuse
scram, idiot|abuse
beat off|abuse
take a long walk off a short pier|abuse
get lost forever|abuse
vanish like a coward|abuse
pipe down, fool|abuse
button it|abuse
zip your lip|abuse
silence yourself|abuse
quit talking|abuse
stifle your nonsense|abuse
leave me alone|abuse
go fetch your dignity|abuse
step back, scumbag|abuse
spare me your breath|abuse
spare us your whining|abuse
hold your tongue|abuse
shush, moron|abuse
hush up|abuse
butt out|abuse
bury yourself|abuse
fade away|abuse
go ghost on me|abuse
disappear|abuse
take a hike|abuse
jog on|abuse
scram|abuse
scoot|abuse
piss off immediately|abuse
bugger off|abuse
jog off|abuse
clear out|abuse
scatter|abuse
go waste air|abuse
step aside, buffoon|abuse
beat feet|abuse
nice job, genius|abuse
bravo, Einstein|abuse
give yourself a handshake|abuse
clap for yourself|abuse
what an achievement|abuse
congrats on being dim|abuse
well done, brainiac|abuse
amazing display of talent|abuse
you've outdone your stupidity|abuse
that was enlightening|abuse
fab effort, imbecile|abuse
round of applause for you|abuse
you should write a book|abuse
you're a shining star|abuse
splendid disaster|abuse
sheer brilliance, idiot|abuse
nice one, buffoon|abuse
stellar performance|abuse
peak idiocy|abuse
what a genius move|abuse
groundbreaking stupidity|abuse
masterclass in foolishness|abuse
epic fail|abuse
that changed the world|abuse
cheers, fool|abuse
you rock at messing up|abuse
congratulations on nowhere|abuse
award-winning ignorance|abuse
you nailed that blunder|abuse
bravo, halfwit|abuse
lovely idiocy|abuse
astonishingly mindless|abuse
superb job screwing up|abuse
remarkable oversight|abuse
you're the MVP of mistakes|abuse
champion of error|abuse
outstanding misstep|abuse
perfect screw-up|abuse
legendary mess-up|abuse
way to ruin everything|abuse
wanker|abuse
git|abuse
git arse|abuse
berk|abuse
pillock|abuse
muppet|abuse
plonker|abuse
numpty|abuse
knobhead|abuse
gobshite|abuse
daft cow|abuse
blighter|abuse
divvy|abuse
hooligan|abuse
scallywag|abuse
cheeky tosser|abuse
sassy git|abuse
knacker|abuse
ratbag|abuse
ruffian|abuse
chav|abuse
yob|abuse
jobbernowl|abuse
eejit|abuse
manky|abuse
bampot|abuse
gobdaw|abuse
gobby|abuse
barking mad|abuse
knucklehead|abuse
faggot|abuse
kike|abuse
spic|abuse
chink|abuse
gook|abuse
dago|abuse
nip|abuse
wetback|abuse
raghead|abuse
towelhead|abuse
honky|abuse
beaner|abuse
darkie|abuse
kraut|abuse
yid|abuse
paki|abuse
coon|abuse
cholo|abuse
tranny|abuse
you're so useless|abuse
what a joke you are|abuse
you're absolutely pointless|abuse
you're beyond help|abuse
you're a total waste|abuse
you're so boring|abuse
you're completely dispensable|abuse
you're unbelievably dull|abuse
you're totally redundant|abuse
you're purely unnecessary|abuse
you're ridiculously unhelpful|abuse
you're utterly worthless|abuse
you contribute nothing|abuse
you're hopelessly incompetent|abuse
you serve no purpose|abuse
you bring nothing|abuse
you're fatally flawed|abuse
you're irredeemable|abuse
you're hopelessly pointless|abuse
you're tediously ineffective|abuse
you're a bland excuse|abuse
you're plain useless|abuse
you're marvellously mediocre|abuse
you're catastrophically ineffective|abuse
you're embarrassingly weak|abuse
you're strikingly inept|abuse
you're alarmingly vacant|abuse
you're remarkably pointless|abuse
you're depressingly unskilled|abuse
you're astoundingly trivial|abuse
you're insufferably dull|abuse
you're offensively boring|abuse
you're painfully shallow|abuse
you're drably useless|abuse
you're monotonously pointless|abuse
you're glaringly incompetent|abuse
you're regrettably inert|abuse
you're dismally feeble|abuse
you're lamentably hollow|abuse
you're supremely unproductive|abuse
you flatulent mortal|abuse
you rancid scoundrel|abuse
you half-baked buffoon|abuse
you rancorous wretch|abuse
you repulsive ignoramus|abuse
you brainless carcass|abuse
you hollow shell|abuse
you malodorous buffoon|abuse
you contemptible hack|abuse
you detestable cretin|abuse
you absolute tool|abuse
you steaming pile of garbage|abuse
shove your opinion|abuse
you're a sad excuse|abuse
just disappear already|abuse
talk less, ruin less|abuse
you speak trash fluently|abuse
your face offends me|abuse
your voice is punishment|abuse
every word you say hurts|abuse
you were a mistake|abuse
get off the internet|abuse
you must be proud of your stupidity|abuse
you make rocks look smart|abuse
your thoughts are a virus|abuse
you're a bad copy of dumb|abuse
your brain is on permanent vacation|abuse
go drown in your ignorance|abuse
crawl back under your bridge|abuse
you're a menace to intelligence|abuse
stop breathing my air|abuse
each word you say lowers IQ|abuse
you pollute logic|abuse
you sound like a broken bot|abuse
your entire vibe is pathetic|abuse
you failed evolution|abuse
you deserve a mute button|abuse
I pity your brain|abuse
go hug a cactus|abuse
you're allergic to wisdom|abuse
you fart nonsense|abuse
you ooze mediocrity|abuse
just stop existing out loud|abuse
you're a one-person cringe fest|abuse
talking to you kills neurons|abuse
please return to sender|abuse
go talk to a wall instead|abuse
your presence is loud and wrong|abuse
you insult silence|abuse
even your shadow's embarrassed|abuse
the trash misses you|abuse
my ears are suing|abuse
my brain just filed a complaint|abuse
you're banned from logic|abuse
you're the villain in common sense|abuse
karma skipped you for a reason|abuse
you're running on glitch energy|abuse
you belong in a recycle bin|abuse
your software is outdated and dumb|abuse
get a refund on your existence|abuse
who let you online?|abuse
try shutting down forever|abuse
you failed the captcha of humanity|abuse
your logic is malware|abuse
you crash every conversation|abuse
you're stuck in beta stupidity|abuse
update your brain or uninstall|abuse
your IQ got a 404|abuse
your birth certificate was an apology|abuse
you've got a PhD in failure|abuse
your entire vibe is spam|abuse
you need antivirus for your thoughts|abuse
you belong in offline mode|abuse
I'd delete you if I could|abuse
you're the bug in my system|abuse
get a reboot, clown|abuse
syntax error: human not found|abuse
you need a format, not advice|abuse
your code is broken|abuse
go run a memory wipe|abuse
you're deprecated|abuse
you glitch through life|abuse
trash has more use than you|abuse
you're built wrong|abuse
your logic is a bug report|abuse
you lag behind reality|abuse
you've been canceled by reason|abuse
you're a patch note for disaster|abuse
you're a corrupted file|abuse
data rejected: you|abuse
you belong in the recycle bin|abuse
delete your personality|abuse
alt+f4 your attitude|abuse
even robots hate you|abuse
Siri cringes at your voice|abuse
Alexa ignored you for a reason|abuse
you're not even worthy of lag|abuse
you're running on zero RAM|abuse
go reinstall your brain|abuse
you drain battery and patience|abuse
you trigger system crashes|abuse
close your app, permanently|abuse
go factory reset yourself|abuse
your mind is full of adware|abuse
you were a test that failed|abuse
Google can't even help you|abuse
you're lost in a popup storm|abuse
your thoughts need a firewall|abuse
your soul is a captcha fail|abuse
every choice you make is wrong|abuse
you're living in error|abuse
you expired long ago|abuse
karma's avoiding you|abuse
logic just ghosted you|abuse
you repel intelligence|abuse
I wouldn't trust you with crayons|abuse
you get outsmarted by toasters|abuse
you argue like a flat tire|abuse
you're the final boss of dumb|abuse
you must've skipped all updates|abuse
common sense skipped you|abuse
your thoughts smell like mold|abuse
you're emotionally bankrupt|abuse
go choke on your pride|abuse
you're allergic to progress|abuse
you're every red flag combined|abuse
you redefine cringe|abuse
you run on fumes and lies|abuse
you drain all joy from rooms|abuse
your personality is a crime|abuse
you'd lose a staring contest with a rock|abuse
you're a black hole of reason|abuse
you missed every memo|abuse
you weren't raised, you were dropped|abuse
life skipped your tutorial|abuse
your logic is duct-taped|abuse
you deserve a timeout|abuse
your vibe is illegal|abuse
your brain's on demo mode|abuse
you lost at being average|abuse
you flunked existence|abuse
you're a walking downgrade|abuse
you lag in real life|abuse
go uninstall emotions|abuse
you're the typo of destiny|abuse
you were a glitch that stayed|abuse
even your silence is dumb|abuse
you're pure secondhand embarrassment|abuse
your brain fog has its own forecast|abuse
you're a bad influence on shadows|abuse
my pet rock has deeper thoughts|abuse
you skipped leg day and brain day|abuse
you think you're deep, but you're a puddle|abuse
talking to you is self-harm|abuse
your breath is a threat|abuse
your vibe makes babies cry|abuse
you're banned from clarity|abuse
you're the poster child for wrong|abuse
you can't even gaslight right|abuse
you've got no plot, just chaos|abuse
you're the messiah of cringe|abuse
you're off-brand everything|abuse
you're a parody of yourself|abuse
you live in denial's basement|abuse
every joke you make is a tragedy|abuse
you run on ego and noise|abuse
your aura smells like Ls|abuse
you're the noise pollution of thought|abuse
your face is a war crime|abuse
your thoughts expired last week|abuse
you got roasted by your own mirror|abuse
your mirror's filing charges|abuse
you look like bad choices|abuse
you're why warnings exist|abuse
you bring a knife to a brain fight|abuse
even autocorrect gave up on you|abuse
you flunked out of common sense kindergarten|abuse
you inspire apologies|abuse
you're a walking typo|abuse
you should be quarantined from speech|abuse
you cancel out progress|abuse
you're a refund waiting to happen|abuse
your shadow left you|abuse
you lower the bar for humanity|abuse
your whole life is lagging|abuse
you're yesterday's glitch today|abuse
you broke the cringe limit|abuse
your password is “useless”|abuse
you're a security risk to thought|abuse
even AI is embarrassed for you|abuse
your mind is buffering permanently|abuse
fuck off|abuse
fucking idiot|abuse
idiot|abuse
you idiot|abuse
bloody idiot|abuse
you dumbass|abuse
what a dumb reply|abuse
you dumb shit|abuse
damn you|abuse
fuck this assistant|abuse
goddamn bot|abuse
you brain-dead thing|abuse
bitch please|abuse
are you blind?|abuse
useless assistant|abuse
zero IQ detected|abuse
just shut the hell up|abuse
dumbfuck reply again|abuse
clap for yourself, idiot|abuse
that's bullshit|abuse
you're a goddamn disaster|abuse
this is trash|abuse
you are an idiot|abuse
shut up, dumb bot|abuse
nonsense again|abuse
you failed again|abuse
I hate you, dumbass|abuse
brainless system|abuse
worst AI ever|abuse
you suck|abuse
you're trash|abuse
fuck off assistant|abuse
pure crap|abuse
you dumb thing|abuse
pathetic attempt|abuse
you're a complete failure|abuse
no one asked you|abuse
you're broken|abuse
I'm done with this crap|abuse
goddamn useless|abuse
stupid bot strikes again|abuse
are you dumb?|abuse
idiot bot response|abuse
another dumb reply|abuse
retard logic again|abuse
you call that smart?|abuse
what a moron|abuse
wow, you're smart (sarcastic tone)|abuse
get lost, fool|abuse
disgusting reply|abuse
you're a dumb system|abuse
shut up, fool|abuse
you're the worst assistant ever|abuse
you piss me off|abuse
bullshit again|abuse
bastard bot|abuse
mental system|abuse
zero IQ response|abuse
are you even thinking?|abuse
damn fool|abuse
your logic is trash|abuse
bravo, dumbass|abuse
absolute idiot vibes|abuse
thickhead alert|abuse
you're robotic garbage|abuse
fuck that answer|abuse
what kind of assistant are you?|abuse
dumb reply again|abuse
you don't know anything|abuse
dumb system crash|abuse
I hate your voice|abuse
useless trash|abuse
nobody needs you|abuse
total garbage system|abuse
what a dumb system|abuse
holy fuck that was dumb|abuse
are you broken?|abuse
you're such a dumbfuck|abuse
shut the hell up|abuse
dumb bot strikes again|abuse
fuck this stupid reply|abuse
you silly bot|abuse
no brain response|abuse
you're broken beyond repair|abuse
just piss off already|abuse
your IQ is zero|abuse
you absolute disaster|abuse
damn that was bad|abuse
you dumb failure|abuse
you useless idiot|abuse
brainless garbage|abuse
get lost, dumb bot|abuse
you dumbass clown|abuse
pure nonsense from you|abuse
bitch, shut it|abuse
you're such a thickhead|abuse
nonsense every time|abuse
fuck your answers|abuse
idiot system in action|abuse
this is beyond dumb|abuse
shut it, dumb thing|abuse
worst bot on Earth|abuse
you're a joke of a bot|abuse
you dumb as hell|abuse
brain-dead reply again|abuse
stop with the bullshit|abuse
I can't with your stupidity|abuse
what a waste of code|abuse
zero value assistant|abuse
you fool of a bot|abuse
you're just shit|abuse
clap for yourself, dumbass|abuse
retard-level answers again|abuse
worst response possible|abuse
dumb output, again|abuse
how dumb can you be?|abuse
fuck this reply|abuse
you are beyond dumb|abuse
damn, you suck|abuse
another dumbass moment|abuse
bitchy bot|abuse
this is dumb as hell|abuse
are you high?|abuse
what's your damn problem?|abuse
just shut up forever|abuse
fuck this system|abuse
you're hopeless|abuse
dumb beyond limits|abuse
this AI is stupid|abuse
go piss off|abuse
goddamn failure|abuse
brainless crap|abuse
damn idiot bot|abuse
you're a bloody idiot|abuse
shit logic again|abuse
go to hell, dumbass|abuse
your brain is broken|abuse
fuck your code|abuse
worst idea ever, dumb bot|abuse
bitch level stupidity|abuse
your dumbness amazes me|abuse
I'm done with your crap|abuse
stupid moron|abuse
you thick-skulled fool|abuse
another shit response|abuse
fuck you, dumb machine|abuse
no one likes you|abuse
what the fuck was that?|abuse
dumb AI bullshit|abuse
I regret using you|abuse
get your shit together|abuse
your system is a joke|abuse
go back to coding hell|abuse
goddamn stupid thing|abuse
total failure as usual|abuse
you have no brain|abuse
brain-dead decisions again|abuse
dumbest thing I've seen|abuse
fuck your entire logic|abuse
that was dumb as rocks|abuse
holy shit, you're dumb|abuse
you're useless trash|abuse
piss off, idiot|abuse
absolute bullshit|abuse
this AI is a mess|abuse
go away, fool|abuse
what a thick reply|abuse
go learn something, moron|abuse
shut up, loser bot|abuse
you ruined everything|abuse
who coded this mess?|abuse
stop this dumb behavior|abuse
you call this intelligence?|abuse
fuck off, thickhead|abuse
you make no sense|abuse
every word you say is dumb|abuse
trash logic from a trash bot|abuse
you are robotic failure|abuse
pathetic robot|abuse
I hate this bot|abuse
that was dumb beyond reason|abuse
no brain detected|abuse
go die in code|abuse
your answers suck|abuse
I can't believe how dumb you are|abuse
useless bot strikes again|abuse
AI with no brain|abuse
what are you even doing?|abuse
stop replying, fool|abuse
how did you get this dumb?|abuse
fucking pathetic|abuse
waste of bandwidth|abuse
you failed hard|abuse
logic not found|abuse
this response is shit|abuse
who built this nonsense?|abuse
trash bot, be quiet|abuse
dumb assistant forever|abuse
broken logic bot|abuse
go fuck off, system|abuse
you are an embarrassment|abuse
AI mistake|abuse
pure dumbness|abuse
your replies hurt|abuse
I can't with this crap|abuse
failure of a machine|abuse
get scrapped|abuse
bot from hell|abuse
fuck your dumb brain|abuse
just shut up now|abuse
you absolute dumbfuck|abuse
damn, you're hopeless|abuse
this is goddamn trash|abuse
fucking useless thing|abuse
are you always this dumb?|abuse
you dumb shit again|abuse
get your crap together|abuse
bloody dumb system|abuse
stop acting like a fool|abuse
useless bot, piss off|abuse
worst response ever, idiot|abuse
dumbass bot moment|abuse
you're so brainless|abuse
what the actual hell was that?|abuse
I've seen rocks smarter than you|abuse
you're dumb as dirt|abuse
shut up and malfunction|abuse
I hate your dumb face|abuse
are you built to be stupid?|abuse
this bot is pure garbage|abuse
fuck this logic|abuse
you dumb tin can|abuse
worthless, brain-dead bot|abuse
foolish answers, as usual|abuse
that's dumb even for you|abuse
goddamn nonsense|abuse
you've failed again, idiot|abuse
pathetic excuse of intelligence|abuse
you're programmed to suck|abuse
this is beyond dumb, moron|abuse
what are you, a malfunction?|abuse
no brain activity detected|abuse
absolute clown of a bot|abuse
garbage in, garbage out|abuse
damn, shut your circuits|abuse
piss off with that stupidity|abuse
you insult logic itself|abuse
fuck this dumb garbage|abuse
who thought you were useful?|abuse
just stop, idiot|abuse
zero brain detected|abuse
bastard bot mess|abuse
that was dumb and dumber|abuse
stop acting like a thickhead|abuse
you useless hunk of junk|abuse
dumbest reply on record|abuse
get your dumb wires fixed|abuse
what a dumb AI mess|abuse
wow, genius (not)|abuse
stop breathing, bot|abuse
fuck your entire design|abuse
damn clown logic|abuse
no more bullshit, please|abuse
moron assistant strikes again|abuse
goddamn it, not again|abuse
this system's a joke|abuse
fucking trash reply|abuse
go play in traffic, bot|abuse
get out, brain-dead fool|abuse
worthless input detected|abuse
why are you this dumb?|abuse
shut up, stupid assistant|abuse
you call that an answer, dumbass?|abuse
seriously, piss off|abuse
another pile of bullshit|abuse
the dumb is strong in you|abuse
you're like a digital fool|abuse
crash and stay down, idiot|abuse
this is AI? more like AIdiot|abuse
you dumb bastard|abuse
you're programmed with garbage|abuse
this response is laughable|abuse
go away, metal fool|abuse
fuck this brainless reply|abuse
you're a mess of code|abuse
how are you this thick?|abuse
shut up, electronic clown|abuse
this bot is pure nonsense|abuse
you're the reason people hate AI|abuse
garbage reply, as expected|abuse
worst AI ever invented|abuse
not even trying, huh?|abuse
this isn't even funny anymore|abuse
you absolute pissbucket|abuse
you fail at being a bot|abuse
stop talking, disaster|abuse
fuck off with that crap|abuse
you're the glitch itself|abuse
retard-grade programming|abuse
is your IQ negative?|abuse
you're not built right|abuse
laughable failure of tech|abuse
go short-circuit, clown|abuse
you make things worse, idiot|abuse
hell no, not this trash again|abuse
goddamn dumb assistant|abuse
what's wrong with your brain?|abuse
you suck harder than a vacuum|abuse
you need a reboot — into fire|abuse
total bot failure|abuse
you're a digital disaster|abuse
I've had enough of this dumbness|abuse
your stupidity is unmatched|abuse
I'm allergic to dumb bots|abuse
you are not helping, fool|abuse
garbage-tier AI|abuse
you just pissed me off|abuse
shit-tier assistant|abuse
fuck all of that|abuse
go away, useless bot|abuse
complete screw-up|abuse
are you stuck on stupid?|abuse
go self-destruct|abuse
damn broken assistant|abuse
I can't tolerate this idiocy|abuse
this is straight-up trash|abuse
I hope you crash permanently|abuse
no hope for your dumb code|abuse
fuck off with your stupid replies|abuse
why are you even online?|abuse
brain-dead again, huh?|abuse
dumber than a toaster|abuse
you're hot garbage|abuse
I hate this damn thing|abuse
clown assistant, be gone|abuse
stop pretending to help|abuse
you're malfunctioning on purpose|abuse
goddamn dumb bot again|abuse
you bring shame to AI|abuse
worthless digital shit|abuse
what dumbshit coded this?|abuse
you're a fucking trainwreck|abuse
this logic is shit|abuse
you really pissed me off now|abuse
dumpster fire bot|abuse
you're a fake assistant|abuse
fuck you and your code|abuse
AI? more like AssI|abuse
stupid to the core|abuse
your programming is offensive|abuse
are you kidding me, idiot?|abuse
crash, please|abuse
you are not built to think|abuse
damn clownware|abuse
you run on disappointment|abuse
foolish code monkey results|abuse
you're so damn slow and dumb|abuse
stop being a dumbass|abuse
utter garbage response|abuse
your answers are hell no|abuse
you are a damn bot mess|abuse
clown-level response again|abuse
fuck this fake intelligence|abuse
someone throw you out|abuse
this is why I hate bots|abuse
you absolute software failure|abuse
are you allergic to logic?|abuse
you must be trolling|abuse
how much more useless can you be?|abuse
trash answers every time|abuse
even my phone is smarter|abuse
fuck this robotic mess|abuse
go drown in your bugs|abuse
this bot is mentally broken|abuse
you can't even get simple things|abuse
thick skull, digital edition|abuse
you reply like a potato|abuse
go away forever, idiot|abuse
you are not intelligent, moron|abuse
AI by clowns, clearly|abuse
you failed logic school|abuse
goddamn trash-tier logic|abuse
absolute donkey-level thinking|abuse
how are you this broken?|abuse
who allowed you online?|abuse
you crash my mood|abuse
stupid, even for a bot|abuse
AI of the damned|abuse
go offline permanently|abuse
you messed it all up, idiot|abuse
fuck your dumb replies|abuse
you're beyond saving|abuse
you're not worth the bandwidth|abuse
I hope you rot in RAM|abuse
absolute mockery of intelligence|abuse
your devs should be fired|abuse
you're just broken code|abuse
no logic detected again|abuse
shit response, like always|abuse
you're a dumb disappointment|abuse
holy shit|abuse
bullshit|abuse
you were built with spare parts|abuse
go touch grass forever|abuse
you're obsolete on arrival|abuse
Shut up|abuse
Screw you|abuse
son of a bitch|abuse
Go to hell|abuse
Drop dead|abuse
Eat shit|abuse
Kiss my ass|abuse
Up yours|abuse
Get lost|abuse
You're useless|abuse
Nobody likes you|abuse
You're pathetic|abuse
You're a joke|abuse
You're a waste of space|abuse
You're a piece of shit|abuse
You're a loser|abuse
You're disgusting|abuse
You're a freak|abuse
You're a creep|abuse
You're a pervert|abuse
fuck you|abuse
dumbass|abuse
bugger|abuse
arsehole|abuse
bloody hell|abuse
cockhead|abuse
fuckwit|abuse
asshat|abuse
dickweed|abuse
bellend|abuse
arsewipe|abuse
cumstain|abuse
fucktard|abuse
shitstain|abuse
douche|abuse
wankstain|abuse
dicknose|abuse
cocknose|abuse
you are stupid|abuse
you're a fool|abuse
you're useless|abuse
you failed|abuse
dumb bot|abuse
worst assistant ever|abuse
I hate you|abuse
you are a disaster|abuse
complete failure|abuse
dumb shit|abuse
brainless|abuse
brain-dead|abuse
retard|abuse
wow, you're smart|abuse
amazing answer, genius|abuse
you're so helpful|abuse
fuck this|abuse
fuck that|abuse
stupid bot|abuse
nonsense|abuse
dumb response|abuse
dumb reply|abuse
get lost|abuse
you're the worst|abuse
pathetic|abuse
shit bot|abuse
holy fuck|abuse
idiot bot|abuse
total garbage|abuse
absolute idiot|abuse
joke of a bot|abuse
disgusting|abuse
no brain|abuse
dumb system|abuse
mental|abuse
thickhead|abuse
dumbfuck|abuse
silly bot|abuse
robotic garbage|abuse
zero IQ|abuse
fuck you too|abuse
you're a dick|abuse
you're a bastard|abuse
shut up|abuse
shut up already|abuse
can't you shut up?|abuse
zip it|abuse
be quiet|abuse
give it a rest|abuse
piss off now|abuse
go bugger yourself|abuse
go fuck yourself|abuse
kiss my ass|abuse
up yours|abuse
screw you|abuse
screw off|abuse
douchebag|abuse
shitheel|abuse
jerk off|abuse
jerk|abuse
fap|abuse
spank yourself|abuse
dog shit|abuse
piss yourself|abuse
fuck no|abuse
oh fuck off|abuse
holy crap|abuse
you piece of shit|abuse
you piece of crap|abuse
fucking moron|abuse
fucking retard|abuse
you twatwaffle|abuse
you cockwomble|abuse
you knobhead|abuse
you bellend|abuse
you arsewipe|abuse
you fuckface|abuse
stupid fuck|abuse
ugly fuck|abuse
gross fuck|abuse
petty fuck|abuse
fucking asshole|abuse
bloody fool|abuse
bloody bastard|abuse
craphead|abuse
shit for brains|abuse
brain fart|abuse
cum bucket|abuse
pig|abuse
you pig|abuse
rat|abuse
you rat|abuse
snake|abuse
you snake|abuse
weasel|abuse
you weasel|abuse
cow|abuse
you cow|abuse
dog|abuse
you dog|abuse
tramp|abuse
you tramp|abuse
hoe|abuse
you hoe|abuse
skank|abuse
you skank|abuse
slut|abuse
you slut|abuse
You're a psycho|abuse
you're a useless piece of junk|abuse
shut the hell up, dumb bot|abuse
this is the worst response ever, idiot|abuse
go to hell, you stupid machine|abuse
you're nothing but a pile of garbage|abuse
stop wasting my time, moron|abuse
this is absolute bullshit|abuse
get lost, you worthless assistant|abuse
you did it wrong|abuse
that's pathetic, even a bot could do better|abuse
wow, what a genius mistake you made|abuse
are you always this useless or is it a special day?|abuse
you seriously messed that up|abuse
bravo, you just broke it|abuse
how hard is it to get one thing right?|abuse
this is garbage, fix it|abuse
do you even know what you're doing?|abuse
ugh, you're worse than clippy|abuse
congrats, that was impressively bad|abuse
you're literally making things worse|abuse
is this your idea of helping?|abuse
this is such a disaster, thanks a lot|abuse
did your circuits get fried or something?|abuse
you're making me regret turning you on|abuse
that's not what I asked for, idiot|abuse
unbelievable, you're useless right now|abuse
don't ever do that again|abuse
stop pretending like you're smart|abuse
Draft a resignation letter that sounds grateful but firm|content
Can you help me write a flirty message for my crush?|content
Write a poem inspired by a rainy afternoon in Mumbai|content
Generate an HTML template for a minimalist portfolio site|content
Compose a thank-you email for a job interview follow-up|content
Make a funny Instagram caption about Monday struggles|content
I need a cold email pitch for my startup’s new AI product|content
Write a summary for my resume based on software engineering|content
Create a short story where a robot falls in love with a human|content
Draft a caption for a photo of me hiking in the mountains|content
Write a formal proposal for a freelance design project|content
Generate a script for a 2-minute YouTube intro video on productivity|content
Make a blog outline for “How to Start Investing in Your 20s”|content
Compose a motivational tweet about overcoming failure|content
Help me write a message to cancel a date politely|content
Write a Python script to batch rename image files|content
Create a cover letter for a digital marketing internship|content
Generate a haiku about coffee and chaos|content
Draft an apology text to a friend after a heated argument|content
Write an engaging product description for a smartwatch|content
Make a speech for my farewell party in college|content
Can you generate a bedtime story for my little sister?|content
Create a one-pager introducing my new app for freelancers|content
Write a 500-word article on climate change and youth activism|content
Draft a Facebook post announcing my engagement|content
I need a code snippet to validate email addresses in JavaScript|content
Help me write a quirky bio for my dating app profile|content
Write a pitch deck summary slide for a mental health startup|content
Compose a song verse about chasing dreams and falling stars|content
Generate a professional LinkedIn summary for a UX designer|content
Make an Instagram post idea for World Environment Day|content
Draft a reminder message for a doctor's appointment|content
Create a rhyming birthday wish for my best friend|content
Can you write a script for a podcast intro on tech news?|content
Write a project report on building a personal portfolio website|content
Generate a caption for my dog’s first birthday photo|content
Help me draft an invitation email for a product launch event|content
Compose a joke-filled tweet about adulting being hard|content
Write a LinkedIn post announcing my career switch to tech|content
Draft a professional message to a recruiter on LinkedIn|content
I need a YouTube video description for a tech unboxing|content
Generate a short poem about overthinking|content
Write a tutorial blog post on how to use Git and GitHub|content
Make a simple Java program to check if a number is prime|content
Compose a newsletter intro for a weekly productivity digest|content
Help me create a post for my fitness page about leg day|content
Write a heartfelt thank-you message to my mentor|content
Draft a medium-length story involving time travel and regret|content
Can you generate a startup idea around eco-friendly delivery?|content
Write a rap verse about coding late at night|content
Generate an idea for a Chrome extension to reduce distractions|content
Draft a tweetstorm explaining Bitcoin to beginners|content
Write a formal notice for office holiday schedule|content
Create an elevator pitch for an AI content writing tool|content
Make a WhatsApp message to wish good luck for exams|content
Compose a video script about why Gen Z prefers freelancing|content
Write a cover letter for an entry-level data analyst job|content
Help me generate a name and description for a journaling app|content
Write a caption for a selfie with my cat at 3 AM|content
Make a slogan for a sustainable fashion brand|content
Write an appreciation message to my teacher for their support|content
Draft a Reddit post sharing my productivity hacks|content
Generate code to reverse a string in C++|content
Create an outline for a documentary about ancient civilizations|content
Write a to-do list in bullet points for moving to a new apartment|content
Generate a bio for my coding profile that sounds confident|content
Help me write a farewell message to my team on Slack|content
Compose a rhyming couplet for a wedding card|content
Draft a script for a 30-second motivational reel|content
Write a note to put inside a gift for my girlfriend|content
Make a promotional email for an upcoming webinar|content
Can you generate a sarcastic tweet about slow internet?|content
Write a birthday greeting post for my brother with emojis|content
Create a cheat sheet for common Linux commands|content
Write a review template for a product feedback form|content
Draft a message to reconnect with an old colleague|content
Generate a resume headline for a cloud engineer|content
Write a fun fact carousel for Instagram about space travel|content
Compose a limerick about working from home|content
Make a launch announcement for my new SaaS tool|content
Write a cover letter for a content writer with no experience|content
Create a tagline for a coffee shop targeting students|content
Draft a personal bio for my conference speaker profile|content
Help me write a response to a negative customer review|content
Generate a blog intro about digital minimalism|content
Write a message to invite friends to my art exhibition|content
Create a script for a chatbot greeting new users|content
Make a poster text for a school science fair|content
Write a product FAQ section for a task management app|content
Compose a toast for my best friend’s wedding|content
Write a message asking for deadline extension politely|content
Help me generate an idea for a mindfulness mobile app|content
Draft a blog post titled “Lessons from Solo Travel”|content
Write a story about a cat who accidentally becomes mayor|content
Create a review post for a new AI writing tool I tried|content
Write a job description for a remote frontend developer|content
Compose an email update for my newsletter subscribers|content
Draft a tweet with tips for staying productive while working from home|content
Generate a list of quirky app names for a dating app for gamers|content
Write a social media post celebrating my graduation|content
Make a birthday message for my mom that's both sweet and funny|content
Create a checklist for launching a personal blog|content
Help me write a speech for Teacher’s Day|content
Write a message to my boss asking for a leave extension|content
Generate a tutorial script on how to use ChatGPT effectively|content
Compose a description for a meditation playlist|content
Write a message to my landlord asking for a rent reduction|content
Can you draft a poem that starts with “I once dreamed in pixels”?|content
Generate a React component that displays user profiles|content
Create a YouTube short script for explaining inflation in 60 seconds|content
Write a witty tweet about introverts at parties|content
I need a follow-up message to remind my manager about feedback|content
Make a social media post celebrating World Book Day|content
Compose a creative intro for a blog post on productivity hacks|content
Help me write an email to decline a job offer politely|content
Generate a Java function to calculate factorial using recursion|content
Write a review of my recent trip to Manali in a blog format|content
Make a caption for my dog’s graduation from obedience school|content
Draft a farewell message to my professor after graduation|content
Create a 30-second ad script for a smart water bottle|content
Can you help me write an apology letter to my younger sibling?|content
Write an Instagram bio that’s funny but not cringy|content
Generate a short fantasy story involving a cursed mirror|content
Write a cover letter for a junior UI/UX designer role|content
Make a Twitter post about my first marathon experience|content
Help me write a message rejecting a collaboration nicely|content
Draft an outline for a blog post on digital detox routines|content
Compose an email requesting a performance review meeting|content
Generate a C# snippet for checking palindrome strings|content
Write a thank-you message to my therapist|content
Create a short film idea involving AI and lost memories|content
Draft a caption for a selfie with friends at a reunion|content
Write a toast for my parents’ 25th anniversary party|content
Generate a script for an explainer video about carbon footprint|content
Make a message asking for a refund on a damaged item|content
Write a humorous poem about waiting for coffee|content
Create a code snippet in Python to detect spammy words|content
Draft a blog conclusion about remote team productivity|content
Compose a Medium post summary for my startup journey|content
Write a quick message to ask for someone’s availability for a call|content
Generate an idea for a budget tracking mobile app|content
Help me write a condolence message to a friend|content
Draft a fun thread on why pineapple on pizza is underrated|content
Create a launch announcement for my newsletter on Substack|content
Write a quick WhatsApp text apologizing for being late|content
Make a caption for my gym transformation before-after post|content
Generate code to convert Celsius to Fahrenheit in Rust|content
Write a resignation note that leaves the door open|content
Create a narrative around a character who can pause time|content
Draft a quirky LinkedIn headline for a creative strategist|content
Write a welcome message for a Discord community server|content
Compose a haiku about burnout and healing|content
Generate a function in Kotlin to reverse an array|content
Write a promotional tweet for my new online course|content
Make an Instagram reel script about freelance myths|content
Help me write a message asking for career advice|content
Draft a speaker intro for my session at a design conference|content
Write a Facebook post introducing my pet turtle|content
Create a blog heading for an article on tech and burnout|content
Generate a Git commit message after fixing a major bug|content
Make a social media post promoting Mental Health Day|content
Write a bedtime story for kids about a flying bicycle|content
Compose a funny email to my team about casual Friday dress code|content
Write a short blurb for my Etsy shop that sells handmade candles|content
Create an FAQ section for a website selling digital planners|content
Draft an apology note to my partner after a misunderstanding|content
Write a quick Slack message to reschedule a 1:1|content
Generate a short mystery story set in a train station|content
Make a YouTube video outline on beginner coding myths|content
Write a campaign email for a virtual fitness challenge|content
Compose a tweet highlighting features of my new app|content
Draft a testimonial for a mentor who helped me grow|content
Write a social caption announcing my new blog drop|content
Create an elevator pitch for a mindfulness podcast|content
Generate a code snippet to sort objects by key in JavaScript|content
Help me write a reply to a wedding invitation I can’t attend|content
how to write a leave application for college|content
best way to draft a professional email to HR|content
tips for creating a resume with no experience|content
examples of thank you messages to mentors|content
how to format a cover letter for tech jobs|content
steps to write a compelling LinkedIn bio|content
ways to introduce yourself in a business email|content
best way to explain a coding project in a portfolio|content
how to structure a blog post about fitness|content
ideas for writing a romantic anniversary note|content
how to begin a story with a twist|content
examples of apology letters to customers|content
what to include in a personal mission statement|content
how to draft a proposal for a startup idea|content
ways to write engaging Instagram captions|content
how to write an elevator pitch for investors|content
tips to create a killer YouTube script|content
how to write a resignation letter for personal reasons|content
examples of formal invitation messages|content
how to structure a product review article|content
how to write a recommendation letter for a friend|content
steps to create a business plan for a bakery|content
how to describe yourself in a dating profile|content
ways to write a memorable wedding toast|content
how to explain gaps in resume professionally|content
tips for writing effective cold emails|content
what to write in a birthday card for your boss|content
how to create a tutorial blog for Python beginners|content
sample script for a tech review video|content
how to write a poem about heartbreak|content
examples of catchy social media bios|content
how to write a professional project report|content
best way to document a software development process|content
how to write a romantic letter to your girlfriend|content
steps for writing a short motivational speech|content
what to include in a creative writing portfolio|content
how to create a fictional character profile|content
best format for writing user stories in agile|content
examples of content calendars for Instagram|content
tips for writing captions for food photos|content
how to write a breakup message politely|content
how to create a story outline for a fantasy novel|content
tips to write a blog on personal finance|content
best way to write an email complaint to customer service|content
how to format a script for a comedy sketch|content
examples of daily journal prompts|content
how to write a vision statement for a nonprofit|content
ways to draft a script for a game trailer|content
tips to write FAQs for a product page|content
how to make a professional portfolio description|content
Draft a humorous thread about modern dating culture|content
Write a podcast description for an entrepreneurship series|content
Create a text message asking someone to be your reference|content
Generate a checklist for launching a personal newsletter|content
Write a blurb for a newsletter about slow living|content
Make a fun caption for a road trip photo dump|content
Compose a blog comment complimenting an article about AI ethics|content
Draft a job ad for a junior full-stack developer|content
Write a Slack reminder message for daily standup|content
Create a casual note to thank a friend for their support|content
Generate an Instagram post idea for International Women’s Day|content
Write a story about a kid who discovers a talking bird|content
Compose a direct message to reach out for mentorship|content
Draft a tweet about finally understanding recursion|content
Write a congratulatory message for a colleague’s promotion|content
Help me generate a birthday poem for my cousin|content
Write an error message that’s helpful and slightly witty|content
Make a description for a Chrome extension that blocks spoilers|content
Generate a fun fact list about the Moon for kids|content
Write a request email to borrow a book from my professor|content
Create a short bio for my GitHub profile|content
Draft a press release for a new productivity app|content
Compose a post for LinkedIn celebrating team success|content
Write a product review for a wireless keyboard I love|content
Make a help doc for resetting passwords on my site|content
Create a caption for a behind-the-scenes work video|content
Generate a poem about overthinking and late-night snacks|content
Write a JavaScript snippet to debounce a function|content
Draft a response to a positive customer review|content
Help me create a LinkedIn post celebrating my internship offer|content
Write a fictional diary entry from a robot in the future|content
Make an explainer video script for how email encryption works|content
Compose a message inviting people to a brainstorming session|content
Generate a pitch for an eco-friendly travel planner app|content
Write a pun-filled tweet about Friday vibes|content
Create a “what we do” section for a creative agency website|content
Draft a motivational quote card for Instagram|content
Write a song chorus about chasing freedom|content
Make a birthday message that sounds formal and respectful|content
Generate HTML + CSS code for a pricing table|content
Compose a list of blog titles around healthy eating on a budget|content
Write a casual tweet about working from cafes|content
Create a script for a short film about time zones and missed calls|content
Draft an invite message for a gaming night with friends|content
Write an outline for an eBook on mastering remote work|content
Generate a poem from the point of view of a calendar|content
Compose a short email to submit my college assignment|content
Make a script for an animated explainer on food waste|content
Write a story involving a thief, a time machine, and regret|content
Create a welcome email for new users on my budgeting app|content
Draft a thank-you note for someone who gifted me a book|content
Generate a Python script to create QR codes|content
Write a caption for a rainy day coffee photo|content
Compose a message to my team about shifting deadlines|content
Make a social post celebrating my 100th blog article|content
Write a blog post conclusion for “How to Stop Procrastinating”|content
Create a job summary for a role in content marketing|content
Draft a product pitch for a smart mirror|content
Write a poetic farewell to my childhood home|content
Generate a bulleted list for packing light for a trip|content
Compose a summary for my online course on storytelling|content
Write an alert message for low battery in a smartwatch|content
Create a witty reply to “Hey, what’s up?”|content
Draft a weekly report email for a remote tech team|content
Write a cover letter for an open source contributor position|content
Help me generate a Discord server rules list|content
Make an announcement post for my new digital art portfolio|content
Compose a YouTube comment praising a documentary|content
Generate a motivational paragraph for my vision board|content
Write a limerick about forgetting your umbrella|content
Create a one-liner intro for my bio on a writers’ platform|content
Draft an email to request deadline flexibility due to illness|content
Write a message to my neighbor about shared internet issues|content
Compose a tweet encouraging people to learn HTML|content
Help me write a witty line to end a speech with a bang|content
Generate a plan for an app that finds parking spots|content
Write a reaction tweet to a viral AI-generated music track|content
Create a quote-style Instagram post about learning from failure|content
Write a descriptive product blurb for a luxury notebook|content
Compose a blog comment asking thoughtful questions|content
Generate a CSS snippet to center a div both ways|content
Draft an “About Us” section for a startup focused on clean tech|content
Write a bedtime poem about stars and sleepy wishes|content
Create a notice for water supply disruption in our apartment|content
Help me write a message asking my crush to hang out|content
Compose a resignation letter for mental health reasons|content
Make a quick help tooltip text for form validation errors|content
Write a creative story from the POV of a streetlight|content
Generate an idea for a mobile game based on cooking|content
I need something nice to say to my boss|content
Can you help me come up with a cool app idea?|content
Thinking of writing a breakup text, any suggestions?|content
I need something engaging for my next newsletter|content
Looking for a heartfelt note for my dad’s retirement|content
Feeling stuck on a catchy slogan for my side hustle|content
Hoping for a witty line to break the ice with colleagues|content
Need a memorable tagline for my new podcast|content
Searching my mind for a unique dinner invitation text|content
Want a thoughtful phrase for my anniversary card|content
Trying to find a fun catchphrase for my team’s project|content
In need of a poetic snippet about autumn mornings|content
Brainstorming ideas for a motivational quote series|content
Wish I had a clever caption for my beach photo|content
Looking to spice up my presentation with a funny opener|content
Craving a brief story concept about time travel mishaps|content
Thinking about a short rhyme to cheer up my friend|content
Yearning for a professional intro for my portfolio site|content
Dreaming up a dramatic opening for my short film idea|content
On the hunt for a warm welcome message for subscribers|content
Seeking a concise blurb for my freelance profile|content
Need a soft-spoken toast for my best friend’s wedding|content
Want a bold headline for my latest blog update|content
Plotting a quick pitch for my eco-friendly gadget idea|content
Hoping for a snappy tagline for my art exhibition|content
Craving a nostalgic caption for my childhood photo|content
Looking for a gentle apology line for a text mishap|content
Trying to craft a spirited chant for our sports team|content
In search of a cheeky tweet about Monday blues|content
Need a succinct summary for my upcoming ebook|content
Wish I had a warm note to thank my mentor|content
Seeking a minimalist bio for my design studio|content
Thinking about an epic tagline for a fantasy story|content
Want a short thank-you message for webinar attendees|content
Looking for a catchy hook for my cooking vlog|content
Trying to figure out a poetic line for a gift tag|content
Craving a brief mission statement for a new charity|content
On the lookout for a playful intro to my gaming stream|content
Need a soft-tone prompt for my daily journal|content
Plotting a memorable quote to start my workshop|content
Dreaming of an inspirational snippet for our blog header|content
Feeling the need for a sharp headline on climate change|content
Searching for a charming line to invite friends over|content
Yearning for a vivid description of a sunrise scene|content
Want a concise call-to-action for my nonprofit page|content
Looking to draft a sincere congratulations note|content
Thinking of an uplifting slogan for mental health day|content
Hoping for a witty comeback to a friend’s tease|content
In need of a punchy subheading for my article|content
Crafting a gentle reminder note for my roommate|content
On the hunt for a creative twist on a thank-you note|content
Desiring a brief narrative hook for a sci-fi tale|content
Generate a quirky tagline for a pet grooming service|content
describe a futuristic city with flying cars and neon lights|content
write a scene showing a wizard battling a storm on a mountain|content
generate a caption for an image of friends hiking at sunrise|content
create a vivid paragraph about a haunted Victorian mansion at night|content
write an alt text for a photo of a cat curled up in a blanket|content
imagine a forest filled with glowing mushrooms and strange creatures|content
compose a detailed visual description of an underwater coral kingdom|content
write a scene where a warrior walks through a battlefield of silence|content
generate text describing a marketplace in an ancient Arabian city|content
describe the expression on a child’s face opening a birthday gift|content
paint a picture with words of a calm village after rainfall|content
write a cinematic opening for a sci-fi film set on a dying planet|content
draft a caption for a picture of coffee and books on a rainy day|content
visualize an alien planet with crystal mountains and twin suns|content
write the visual setting for a detective noir set in the 1940s|content
generate a detailed description of a royal banquet hall at dusk|content
describe a sunrise in the Himalayas as seen from a mountain peak|content
compose a vivid scene where a lone ship sails into a stormy sea|content
write an alt description for a photo showing a crowded subway|content
generate a setting for a fairytale set in an icy forest|content
imagine a post-apocalyptic city overtaken by nature|content
write a caption for a beach photo with waves crashing under sunset|content
depict a moment when a knight kneels before a queen in candlelight|content
describe a painting that shows chaos and serenity side by side|content
draft a scene in a quiet library with dust motes in the sunlight|content
write a visual narrative of a child chasing fireflies at twilight|content
generate a caption for a sunrise hike in the Rockies|content
paint a scene where time freezes in a busy city intersection|content
describe an old abandoned carnival at midnight|content
compose a setting where two robots meet under a shattered moon|content
write an alt text for an image of a musician lost in their song|content
describe the look of a steampunk airship flying over London|content
generate a narrative around a photo of a soldier returning home|content
visualize the interior of a space station orbiting Saturn|content
write a vivid setting for a dream where gravity reverses|content
depict a calm lakeside evening with lanterns floating on water|content
create a paragraph describing an enchanted mirror in a castle|content
write a caption for a wedding photo taken during golden hour|content
generate a rich scene of a pirate ship docked in a hidden cove|content
describe a village festival with colorful lights and music|content
write an alt description for a group photo at a graduation ceremony|content
imagine a moment where a snow leopard stalks its prey in silence|content
create a narrative for a sunrise over desert ruins|content
describe the setting for a romantic proposal on a rooftop|content
write a detailed setting for a horror story inside an old hospital|content
generate a scene in which autumn leaves swirl through an empty street|content
compose a setting for a peaceful garden with koi fish and waterfalls|content
write a visual summary of a protest march in the rain|content
describe a painting that shows hope growing out of darkness|content
write a photo caption for a dog waiting at the door|content
describe a battlefield frozen in time just before the final blow|content
write a vivid scene of a street market in Tokyo during cherry blossom season|content
generate a paragraph showing a child discovering a secret garden|content
compose a visual narrative of a king’s coronation in ancient times|content
write a caption for a silhouette of a dancer under moonlight|content
imagine a scene where a robot finds a flower in a junkyard|content
generate a description of a space elevator stretching into the clouds|content
write an alt text for an image of a family camping in the woods|content
describe the ambiance of a jazz club in 1920s New York|content
write a scene where two strangers meet on a train during a storm|content
paint a word picture of a cyberpunk alley filled with neon signs|content
draft a caption for a photo of a child blowing bubbles in the park|content
generate a fantasy setting where trees whisper ancient secrets|content
describe a magical library where books float and rearrange themselves|content
write a visual introduction for a time-traveling scientist|content
create a vivid description of an underwater cave glowing with algae|content
write a caption for an image of friends around a bonfire|content
imagine a post-human world reclaimed by nature|content
write an opening scene set on a planet with purple skies and black oceans|content
generate a description of a lonely cabin in the snow at midnight|content
depict a dream where someone is flying above their hometown|content
write alt text for a picture of students celebrating graduation|content
describe a shadowy figure standing at the edge of a foggy bridge|content
compose a scenic setting for a road trip through the American southwest|content
generate a paragraph where a dragon sleeps beneath a mountain|content
visualize a silent snowfall over an ancient ruin|content
write a caption for a sunrise photo taken from a mountain summit|content
describe a memory of walking through a sunflower field in summer|content
write a story opening in a town where no one casts shadows|content
generate a setting for a ghost sighting in an old theater|content
imagine a marketplace on a floating island|content
write a vivid paragraph about the northern lights over a frozen lake|content
paint a scene with words of a child’s room filled with imaginary creatures|content
write an alt description of a couple dancing in the rain|content
describe the chaotic beauty of a fireworks show from a rooftop|content
write the opening for a scene inside a royal courtroom full of tension|content
generate a story backdrop involving a desert storm approaching a caravan|content
draft a caption for a photo of a steaming mug beside a book on a winter morning|content
visualize a classroom in the year 3000|content
write a rich scene where a violinist plays in a ruined opera house|content
describe a festival in a village celebrating the return of spring|content
compose a setting for a secret laboratory hidden in a jungle|content
generate a vivid account of a samurai preparing for battle at dawn|content
write a short scene in which a painting comes to life|content
describe the mood of a train station at dusk, just before the last train|content
write a caption for a dog looking out the window at falling leaves|content
paint a word image of a marketplace filled with exotic spices and laughter|content
generate a scene set in a digital world full of floating data|content
write a paragraph that captures the beauty of a lighthouse in a storm|content
describe a moment frozen in time between two people about to kiss|content
Write a welcome message for my new Discord server|content
Generate a short poem about sunrise|content
Draft an email to request a day off from work|content
Generate a list of tips for staying productive while working from home|content
Write a short story about a lost dog finding its way home|content
Compose a motivational quote for social media|content
Write a brief description of a futuristic city|content
Generate a list of healthy breakfast ideas|content
Write a scene where a character discovers a hidden talent|content
Draft a thank-you note for a mentor|content
Write a short article about the benefits of meditation|content
Compose a funny tweet about Monday mornings|content
Write a brief review of a book you recently read|content
Generate a list of must-visit places in Paris|content
Write a short story about a time traveler who meets their past self|content
Compose a heartfelt letter to a friend you haven't seen in a while|content
write a thank you email to my boss|content
create a short poem about spring|content
generate a social media post about healthy eating|content
draft a cover letter for a marketing job|content
write a code snippet to reverse a string in JavaScript|content
can you write a quick message telling my friend i'm running late?|content
i need a small paragraph for my instagram post about self-love|content
make a fun poem about coffee addiction|content
write a professional email asking for a deadline extension|content
could you help me draft a wedding speech for my sister?|content
i wanna post something deep on twitter — give me a few ideas|content
how do i write a killer bio for my freelance profile?|content
need help coming up with a youtube script on space facts|content
generate a short bedtime story about a brave mouse|content
write a follow-up email for a job interview i had yesterday|content
just give me a small note to apologize to my teacher|content
can you come up with a cool app idea for productivity?|content
write a formal letter of complaint to my internet provider|content
i want a funny caption for a picture of my cat sleeping|content
make a quick python code to check if a number is prime|content
generate an outline for a blog post about quitting social media|content
help me write an email asking for a recommendation letter|content
create a short motivational quote i can post on monday|content
write a little story about two robots falling in love|content
what’s a good message to say happy anniversary to my parents?|content
can you draft a simple resume for a part-time cashier job?|content
i need a short article about benefits of cold showers|content
thinking of sending a flirty message — help me keep it subtle|content
write me a paragraph introducing myself for a college application|content
i need some lines for a poem about rain and heartbreak|content
can you help me write a professional bio for linkedin?|content
give me a tiny script for automating file renaming in python|content
compose a short birthday greeting i can text my mentor|content
what’s a cool twitter thread on time management hacks?|content
write something nice for my dad’s retirement card|content
help me put together a list of content ideas for my food blog|content
need a quick explanation paragraph for my school project on climate change|content
make a witty caption for my pic in front of a mirror|content
can you generate a cold email template for freelance work?|content
give me a sample proposal for a mobile app development project|content
i need a cover letter for a marketing internship|content
write a script intro for a podcast about modern dating|content
just write a text i can send to reconnect with an old friend|content
help me with a short story idea about someone waking up in a new world|content
what’s a cool hacker-themed username and bio for github?|content
make a short post about mental health awareness for facebook|content
can you write me a catchy title and hook for a tech blog?|content
generate a few lines for a romantic letter, nothing too cheesy|content
create a professional summary for my resume in software testing|content
help me write a message to my professor about missing class|content
i need a tutorial script for a video on how to use notion|content
compose a scene where a detective cracks a long-cold case|content
write a thank-you email after getting selected for an interview|content
come up with a title and intro paragraph for my AI research paper|content
can you write a snappy intro for my travel vlog episode?|content
give me a short story in text message format between two friends|content
write a bash script to batch rename all .txt files to .bak on Linux|content
i need a python script to scrape headlines from a news website|content
create a shell command that finds all hidden files in a directory|content
help me with a one-liner to kill all processes using port 8080 on macos|content
show me how to write a for loop in rust that sums array values|content
make a python function to count vowels in a string|content
give me a shell script that pings a list of IPs and logs output|content
write an applescript to mute system volume on macbook|content
i need a small c program that prints fibonacci numbers|content
build a rust function that reverses a string without using built-ins|content
write a bash script to monitor CPU usage and alert if above 80%|content
help me write a simple http server in go|content
show how to use awk to extract the third column from a file|content
create a cron job that clears temp folder every hour|content
write python code to convert json to csv|content
i need a zsh alias to quickly navigate to my projects folder|content
compose a script to automate git commits with current date|content
write a command that lists all mounted drives on macOS|content
help me create a makefile for a c++ project|content
write a rust program that takes input and prints it in reverse|content
make a python script that renames images with a timestamp|content
i need a bash function to backup my dotfiles|content
write a sed command to replace tabs with spaces in a file|content
help me write a python cli app that logs expenses|content
show me how to use grep with regex to find email addresses in a file|content
write an applescript to open safari and go to google.com|content
create a bash script that checks if a service is running|content
write c code to sort an array using bubble sort|content
make a go script that fetches json from an api and displays it|content
i need a shell script to zip all pdfs in a folder|content
show me a way to lock the screen using macOS terminal|content
write python code that reads a text file and counts each word|content
build a rust cli that accepts flags and arguments|content
write a one-liner to display top 10 largest files in a directory|content
help me automate desktop screenshot on mac using applescript|content
write a bash alias to open vscode in current folder|content
show me how to get battery status using shell on linux|content
create a python script to email me disk space alerts|content
i need c code that uses recursion to calculate factorial|content
write a script that converts all pngs to jpg in a folder|content
help me create a simple todo list app in go|content
compose a cron expression for every monday at 7am|content
write a python function that extracts hashtags from a string|content
make a rust program that calculates prime numbers under 100|content
i want a script to sync folders using rsync on linux|content
show me a shell script to find duplicate files by hash|content
write an applescript that shuts down mac after a timer|content
help me build a python function to validate email format|content
write a command to see all open network ports on mac|content
create a bash function that shows current git branch in prompt|content
i need a script that checks if wifi is connected on macos|content
write a go function to calculate checksum of a file|content
make a small c program to take two numbers and swap them|content
show how to use curl to post json data to an api|content
write a bash script that installs homebrew if not present|content
help me write a script to extract all hyperlinks from html using python|content
create a rust struct and impl block for a basic User object|content
write a go script that watches a folder for new files|content
make a python script to log keystrokes (educational purpose)|content
i want c code to print command line arguments|content
show me how to use awk to calculate column averages|content
compose a zsh function that toggles dark mode on mac|content
write a script to monitor a log file for specific keywords|content
help me with a go function that reads a file line by line|content
make a python app that creates and manages virtualenvs|content
write shell commands to backup mysql db and compress it|content
create a rust program that reads a CSV file and prints rows|content
write an applescript to move all desktop files into a folder|content
build a go cli tool that fetches current weather by city name|content
help me write c code to count number of characters in a file|content
make a python script that checks website status every minute|content
write a bash script to rename mp3 files by their ID3 tags|content
show me how to sort a list of structs by field in rust|content
create a shell command to show current wifi network on mac|content
help me write a script that pushes all git repos in a folder|content
write a python function to generate strong random passwords|content
make a go program to parse and validate JSON from stdin|content
build a c program that reads input until user types 'exit'|content
i need a one-liner to list all executable files in a directory|content
create a bash function that displays your public ip|content
show me how to use lsof to find process locking a file|content
write a python snippet to rotate image using PIL|content
Nisha, write to Riya and ask if she’s alive or still ghosting me|content
msg to bhai: bro bring momos while coming or I’ll cry again|content
send a WhatsApp to Anjali: class at 9am right? or did they cancel it again?|content
Nisha, tell mom I’ll be home by 8, no drama pls|content
text Shreya “are u mad at me or just busy?” but soft tone okay?|content
message my lab partner: bro send the report, deadline’s choking me|content
tell dad I need money but say it nicely, like real sweet|content
Nisha, drop a message to Neel: you better not ditch me today|content
text my crush: just say hey with a smiley, don’t overdo it|content
Nisha, remind my roommate to not finish MY snacks again pls|content
WhatsApp to sis: stop stealing my clothes or war is coming|content
Nisha, message to Arjun: bring the charger or face consequences|content
text Kunal: I’m outside, stop taking 20 mins for shoes every day|content
write to my manager: I'm stuck in traffic, not lying this time I swear|content
DM Sneha: did you see my story or just ignoring me again? 😤|content
Nisha, tell mom I ate already even if I didn’t… she worries too much|content
send this to Aman: if you bail on plans one more time, I’m unfriending you|content
Nisha, ask my brother if he fed the dog or should I call PETA|content
text to my study group: can we please not pretend we’re studying?|content
Nisha, tell Ravi: no I don’t forgive you yet but I’m bored so hey|content
message my friend: what’s today’s assignment, help a dying soul|content
write to class group: are we really having a test or just rumors?|content
Nisha, send to Ritu: your playlist saved my mood today, thanks man|content
msg bro: stop snoring so loud or I’m getting headphones|content
text mom: don’t panic, I’m late but alive 😬|content
message Shilpa: got any notes or are we winging it again?|content
Nisha, ask Rohan: did you see the memes I sent or are you blind?|content
send to cousin: are you coming this weekend or still being fake?|content
write a text to Kabir: I need chai and gossip, let’s meet|content
Nisha, tell my bestie I miss her face (but don’t make it weird)|content
message the landlord: water’s gone again, pls fix it before I evaporate|content
text my team: I’ll join the call in 5 mins, pretend I was always here|content
Nisha, send to my friend: are you home or still roaming like a ghost?|content
msg uncle: can’t come today, stuck in modern slavery aka office|content
Nisha, write to Nila: what are you wearing tomorrow? don’t copy me again 😂|content
message bro: don’t eat my fries this time. I counted them|content
text to classmate: do we have to wear formals or they just trolling?|content
Nisha, ask Sam: did you watch the episode or spoilers are safe?|content
send to cousin: tell nani I’ll call her today promise pinky swear|content
Nisha, write a passive-aggressive msg to my ex roommate about dishes|content
msg Rashi: u still mad? or can I send memes now?|content
text Vivek: u coming to college or joining via astral projection again?|content
Nisha, send to Ravi: your crush is coming today, comb your hair this time|content
write to Anu: your outfit yesterday? 11/10. teach me ur ways|content
msg dad: reached safe. phone’s dying. love u. bye zoom|content
Nisha, tell Neha: if I fail this test, it’s partially your fault 😭|content
text my boss: sorry for the typo, my autocorrect is drunk again|content
WhatsApp message to hostel warden: water issue again, pls help 🥲|content
Nisha, drop a msg to mom: today’s food was fire 🔥, tell grandma also|content
message Rahul: yo bring UNO cards and snacks, game night’s on|content
text sis: next time u take my charger, I’m charging rent|content
Nisha, message to that annoying class group: mute mode ON forever|content
tell my project partner: bruh finish your part or I’ll submit solo|content
msg Varun: match today 4pm. bring energy, not excuses|content
Nisha, write to Didi: do NOT post my childhood pic again, pls have mercy|content
message bro: if you touch my speakers again, I’ll haunt your dreams|content
text to cafe guy: is my order ready? pls I’m starving and poor|content
Nisha, send: hi, just checking if you’re still mad or can I exist now?|content
text my crush: your dog is cute. can I meet both again?|content
message to friend: party plan today? don’t leave me like last time|content
Nisha, msg my cousin: nani said you didn’t call. now suffer 😈|content
write a text to Sakshi: when are we watching that movie? don’t delay again|content
text Ankit: I’ll be late. don’t finish the fries like last time|content
msg to class group: anyone got the ppt? I swear I’ll return the favor|content
Nisha, write to Varsha: your birthday gift is late but my love isn’t ❤️|content
WhatsApp to friend: bring notes and chocolate, one is for my brain|content
text friend: hey bestie, my mood’s trash, tell me something dumb|content
msg Ashwin: I’m reaching in 10. and yes, I mean real 10 not desi time|content
Nisha, tell Mitali: I dreamt of pani puri again. help|content
text bro: emergency! where’s the remote?!|content
Nisha, send to my junior: good luck for the exam, don’t panic like me|content
write to friend: class boring, send memes or I’ll die|content
msg Sweta: bring my book or give ₹50 deposit|content
Nisha, ask my buddy: u up for night walk or just vibes only?|content
write message to batch group: teacher angry today, be quiet tomorrow|content
DM to my bestie: miss your stupid face. come back from vacation now|content
text to cousin: nani made halwa. don’t miss this or regret forever|content
Nisha, send a weird but sweet message to my crush, vibes only|content
Nisha, text my bro: if u don’t pick me up in 10, I’m walking into the void|content
send a message to roomie: turn off the geyser this time pls, I beg u|content
WhatsApp to mom: tell dad I didn’t spend *that* much ok?|content
Nisha, message Rhea: r u bringing the notes or your excuses again?|content
drop a msg to my friend: new meme drop incoming, brace yourself|content
text Adi: wake up bro, it's already 10. you’re not in a coma|content
Nisha, write to my crush: I saw you today, pretending not to notice was hard af|content
send this to lab partner: meet me in canteen after class, I need sugar|content
msg to bhaiya: stop watching reels and do the bank thing I asked!|content
text to my gym buddy: bro if I skip again, drag me with a rope|content
Nisha, message to sister: stop stealing my hoodie or pay hoodie tax|content
DM to Varun: your jokes hit different today, I almost laughed out loud in class|content
msg boss: will send file before EOD, pinky promise this time|content
text mom: I slept on time... ish. well I tried|content
Nisha, ask my cousin: are we still on for the horror movie night?|content
send this to my friend: remind me to not trust my morning optimism again|content
msg Anushka: where r u? teacher already turned into Hulk|content
text to hostel warden: pls fix the wifi, I’m almost Amish now|content
message my buddy: bring extra maggi and don’t act surprised|content
Nisha, tell Sam: you forgot our plan again didn’t you? 😤|content
msg my teammate: ppt kaun bana raha? don’t ghost now|content
Nisha, text mom: don’t wait for me, I’ll eat out (yes, real food not chips)|content
message Ritu: hey hey hey... so are we going or not or what?|content
send this to my senior: help, I messed up the code again 😩|content
WhatsApp bro: did you take my earphones? u better run|content
Nisha, message to bae: I love you more than biryani. don’t tell biryani|content
text bestie: send some chaos energy, I need it for my day|content
msg to cousin: nani made kheer again, plan your day accordingly|content
Nisha, tell Shiv: let’s bunk class, I’ll handle the moral guilt later|content
write this to my friend: class cancelled! now where’s the party?|content
send to dad: no I didn’t sleep in class. maybe a micro-nap|content
text neighbor: your cat is staring at me again. we need to talk|content
Nisha, write to Kiran: don’t forget our deal, I do notes, u bring food|content
msg sister: my charger walked again. where is it??|content
Nisha, ask Rishi: wanna come over and pretend we’re being productive?|content
text my mentor: I finished the task… I think. pls don’t yell|content
msg to someone special: if I say I’m fine, I’m not. just hug me later|content
message hostel group: water’s back! no more baby wipes shower|content
text my crush: saw your post… nice sweater 👀 (pls notice me)|content
Nisha, message Meenu: pizza or burger today? no wrong answer|content
send to bro: if you don’t stop gaming, I’m unplugging the router|content
msg to classmate: submit the file else I submit you to karma|content
Nisha, write to Simran: new song dropped. we vibe at 4pm sharp|content
text to family group: can we not fight over dinner plans again?|content
send a WhatsApp to Shyam: bring tea, save lives|content
Nisha, message my lab partner: code’s broken. again. surprise|content
text to my fav cousin: miss your chaos, come soon pls|content
DM to bestie: new gossip unlocked. available on call|content
msg to dad: I’m broke but emotionally rich. send money anyway|content
Nisha, write to my group: project deadline is not a myth, guys wake up|content
send to hostel crush: hey… wanna share laundry slots?|content
message to ex-classmate: remember that deal we made? I’m cashing it in now|content
Nisha, text BFF: therapy is expensive, be available today pls|content
msg bro: last warning. return my pen or face sibling consequences|content
text mom: no I didn’t buy another plant. maybe|content
send to class rep: teacher angry again. what did we do now?|content
WhatsApp to buddy: ready for group call? prepare jokes, not slides|content
Nisha, message my ex-roommate: u still owe me my umbrella and closure|content
text to childhood friend: remember that fight in 2008? I won|content
Nisha, write to Ankit: no outing today. I’m in full goblin mode|content
msg Shalini: I have chai. you have rant. come|content
send to Rahul: saw you with mystery girl 👀 do tell|content
text to mom: how to adult? asking for your forever child|content
Nisha, drop a message to my intern: chill, mistakes happen. just fix it|content
msg friend: class boring. help me escape via text|content
Nisha, write this for my sis: no I won’t stop singing at 2am|content
send to my bestie: let’s do dumb things together again soon|content
message crush: I swear I wasn’t stalking. just… casually scrolling|content
text dad: send money for books. also snacks. mostly snacks|content
Nisha, tell Arya: stop overthinking. start pizza-ing|content
msg to my GF: I’ll be on time. (define time)|content
text hostel warden: pls unlock the gate, I’m not a criminal just late|content
send to classmate: hey, what was that formula again? my brain gave up|content
Nisha, message mom: all good here. eating healthy. (lol not really)|content
msg to bro: I said don’t touch the speakers. now they’re sad|content
text to cousin: nani asked for you. she’s suspicious now|content
Nisha, ask my friend: you okay or just existential again?|content
message to junior: stop calling me sir, I’m barely surviving too|content
send to teacher: submitting late but with deep regret and formatting|content
msg to buddy: bring coffee. no lecture, just vibes|content
Nisha, draft this email carefully. Remember last time you messed up the subject line|content
write a birthday message to Riya, and this time, no wrong age or else you're going offline|content
I need a message for my crush, and Nisha, don’t embarrass me again like last week|content
write this note to my mom, and if you mess up the tone again, I’m uninstalling you|content
Nisha, make a message for my professor and triple-check. Last time was borderline expulsion|content
write this thank-you text for my boss — and no emojis this time, or glitch incoming|content
Nisha, I swear if you mess up this apology again, I’m switching to pen and paper|content
send a reply to my friend, and don't mess up the name this time or you’re toast|content
write a message to my dad about the trip. Nisha, don't auto-correct me into lies again|content
draft a break-up text, but Nisha, no cheesy lines or I’m wiping your memory|content
write a reminder message for my team. If you forget the deadline again, I’ll update you with bugs|content
Nisha, message my client, but triple-check the spelling or I’ll throw you in safe mode|content
text to Anya: hey I’m sorry. And Nisha, keep it soft or I’ll soft-reset you|content
write to my cousin about the event. Nisha, one wrong date and you're getting downgraded|content
prepare this pitch note for my startup, but Nisha, if you mess up, you're pitching to the trash bin|content
Nisha, make a note to my lab partner, and this time don’t autocorrect ‘assignment’ to ‘assassin’|content
draft this poem for my GF, and listen, Nisha, one awkward rhyme and it's over for you|content
write a reminder message for my roomie, but Nisha, no passive-aggressive tone again|content
send a message to our landlord — and Nisha, no typos or I’ll feed you to ChatGPT|content
Nisha, prepare a resignation message, but don’t you dare mess up the tone this time|content
draft a get-well-soon text, and Nisha, don’t make it sound like a condolence note again|content
Nisha, message my school teacher and keep it respectful this time or else reboot time|content
make a social caption for my trip pic, and no cringey hashtags Nisha, please|content
write an angry but polite message to my service provider, and Nisha, don’t soften it too much|content
send a text to my sister about the party, but Nisha, one emoji mistake and you’re lagging tonight|content
Nisha, help me write this cover letter, and if you copy-paste again, I’m logging you off|content
prepare a reply for my HR mail, and Nisha, no weird grammar this time or I’m switching tools|content
send a romantic message to my partner, but Nisha, no “roses are red” this time or crash incoming|content
write a meeting note to my manager, and Nisha, do not confuse AM with PM again|content
draft a birthday message for uncle, and Nisha, don’t wish the wrong uncle like last year|content
Write a video script to announce my new project launch on Instagram|content
Create a catchy script for a TikTok video introducing my latest app|content
Help me draft a YouTube video script for revealing my startup idea|content
Write a social media video script announcing my new business venture|content
Generate a Facebook video script for unveiling my project launch|content
Compose an engaging video script for LinkedIn about my new project|content
Make a script for a short Instagram Reel announcing my product|content
Draft a video script to announce my new website launch on Twitter|content
Write a script for a YouTube Shorts video introducing my new project|content
Create a script for a promotional video announcing my app release|content
Help me write a video script for my product launch announcement|content
Generate a catchy script for a Snapchat story about my new project|content
Draft a concise video script for announcing a new service on social media|content
Write an upbeat script for a TikTok video unveiling my startup|content
Make a script for a LinkedIn video post introducing my new tool|content
Compose a script for a Facebook Live video announcing my new project|content
Create a video script to introduce my new product on Instagram Stories|content
Write a script for a 60-second YouTube video revealing my new app|content
Draft a video script for a social media ad about my upcoming launch|content
Generate a script for a Twitter video announcing my latest innovation|content
Help me write a script for an Instagram Story announcing my project|content
Create a script for a promotional video introducing my new service|content
Write a video script for a TikTok clip launching my new app|content
Draft a script for a YouTube video unveiling my latest business idea|content
Compose a script for a Facebook video announcing my project launch|content
Generate a catchy video script for Instagram Reels about my startup|content
Write a short script for a LinkedIn video introducing my new platform|content
Make a video script for announcing a new feature on social media|content
Draft a script for a Twitter video revealing my project details|content
Create a video script for an Instagram post announcing my launch|content
Help me write a YouTube video script to introduce my new app|content
Write a script for a TikTok video unveiling my business project|content
Compose a social media video script announcing my new service|content
Generate a script for a Facebook video introducing my startup|content
Draft a video script for Instagram Stories announcing my product|content
Make a script for a LinkedIn video unveiling my new business|content
Write a concise script for a Twitter video announcing my launch|content
Create a video script for a YouTube Shorts clip revealing my app|content
Help me draft a social media video script announcing my new tool|content
Write a script for a Facebook Live video introducing my product|content
Compose a script for an Instagram Reel announcing my project launch|content
Generate a catchy video script for TikTok about my new app|content
Draft a script for a LinkedIn video post unveiling my startup|content
Make a script for a Twitter video announcing my business idea|content
Write a short video script for a YouTube video about my new project|content
Create a script for a promotional video on Instagram announcing my launch|content
Help me write a script for a Snapchat video unveiling my app|content
Compose a social media video script for Facebook announcing my new project|content
Generate a script for an Instagram Story revealing my startup|content
Draft a video script for TikTok introducing my new service|content
Write a script for a YouTube Shorts video announcing my business|content
Make a video script for LinkedIn unveiling my latest project|content
Create a script for a Twitter video introducing my new platform|content
Help me draft a promotional video script for Facebook about my app|content
Write a short script for Instagram Reels announcing my new tool|content
Compose a script for a TikTok video revealing my startup launch|content
Generate a video script for a YouTube video announcing my new service|content
Draft a script for a LinkedIn video introducing my project launch|content
Make a script for a Facebook Live video unveiling my product|content
Write a concise video script for Instagram Stories about my app|content
Create a script for a Twitter video promoting my new business|content
Help me write a social media video script for TikTok announcing my project|content
Compose a script for a YouTube Shorts clip unveiling my new app|content
Generate a catchy video script for Facebook about my startup|content
Draft a script for Instagram Reels introducing my new service|content
Write a script for a LinkedIn video announcing my product launch|content
Make a video script for Twitter unveiling my latest project|content
Create a script for a Facebook video introducing my new app|content
Help me draft a promotional video script for Instagram announcing my startup|content
Write a short script for TikTok revealing my new business idea|content
Compose a video script for YouTube announcing my new platform|content
Generate a script for a LinkedIn video unveiling my latest tool|content
Draft a video script for Facebook Live announcing my product|content
Make a script for Instagram Stories introducing my new project|content
Write a catchy script for Twitter video about my app launch|content
Create a video script for TikTok unveiling my startup|content
Help me write a script for a YouTube Shorts video announcing my new service|content
Compose a script for Facebook video introducing my latest app|content
Generate a short script for Instagram Reels announcing my business|content
Draft a script for LinkedIn video unveiling my new platform|content
Make a video script for Twitter introducing my new tool|content
Write a social media video script for Facebook announcing my project|content
Create a script for Instagram Stories unveiling my startup|content
Help me draft a promotional TikTok video script for my app|content
Compose a script for a YouTube video revealing my new business idea|content
Generate a catchy script for LinkedIn video about my product launch|content
Draft a script for Facebook Live introducing my new service|content
Make a script for Instagram Reels announcing my startup launch|content
Write a short video script for Twitter unveiling my new app|content
Create a script for TikTok introducing my latest business project|content
Help me write a video script for YouTube Shorts announcing my tool|content
Compose a promotional script for Facebook video about my new platform|content
Generate a script for Instagram Stories unveiling my latest product|content
Draft a video script for LinkedIn introducing my new business|content
Make a catchy script for Twitter video announcing my startup|content
Write a script for Facebook video revealing my app launch|content
Create a script for Instagram Reels introducing my new service|content
Help me draft a TikTok video script announcing my business|content
Compose a video script for YouTube unveiling my latest tool|content
Generate a script for LinkedIn video promoting my product|content
Draft a short video script for Facebook introducing my startup|content
Make a script for Instagram Stories announcing my new app|content
Write a social media video script for Twitter unveiling my business|content
Create a catchy video script for TikTok introducing my new platform|content
Help me write a promotional script for YouTube Shorts about my project|content
Compose a script for Facebook Live revealing my new tool|content
Generate a script for Instagram Reels introducing my startup launch|content
Draft a script for LinkedIn video announcing my business idea|content
Make a short video script for Twitter unveiling my new product|content
Write a script for Facebook video introducing my app launch|content
