Accuracy,,0.9385

Classification Report:
,precision,recall,f1-score,support
close,0.8877005347593583,0.9540229885057471,0.9196675900277008,174.0
content,0.9473684210526315,0.9364161849710982,0.9418604651162791,173.0
general,0.9397590361445783,0.9230769230769231,0.9313432835820895,169.0
generate image,0.9888268156424581,0.9943820224719101,0.9915966386554622,178.0
google search,0.8895348837209303,0.8693181818181818,0.8793103448275862,176.0
play,0.9553072625698324,0.9715909090909091,0.9633802816901409,176.0
reminder,1.0,0.9885057471264368,0.9942196531791907,174.0
system,0.9254658385093167,0.861271676300578,0.8922155688622755,173.0
youtube search,0.9137931034482759,0.9464285714285714,0.9298245614035088,168.0
accuracy,0.9385009609224856,0.9385009609224856,0.9385009609224856,0.9385009609224856
macro avg,0.9386395439830424,0.9383348005322618,0.9381575985938038,1561.0
weighted avg,0.9388213512950809,0.9385009609224856,0.9383323686004125,1561.0


Confusion Matrix:
,0,1,2,3,4,5,6,7,8
0,166,1,1,0,0,2,0,4,0
1,0,162,6,1,1,1,0,2,0
2,0,4,156,0,8,1,0,0,0
3,0,0,1,177,0,0,0,0,0
4,1,2,2,0,153,0,0,4,14
5,2,0,0,0,0,171,0,2,1
6,0,1,0,0,1,0,172,0,0
7,18,1,0,1,2,2,0,149,0
8,0,0,0,0,7,2,0,0,159
